month,cty_code,country,value_usd,is_total
2019-01,5330,India,242501.0,False
2019-01,5490,Thailand,364454.0,False
2019-01,5520,Vietnam,276475.0,False
2019-01,5570,Malaysia,3102803.0,False
2019-01,5590,Singapore,2896921.0,False
2019-01,5650,Philippines,2384249.0,False
2019-01,5700,China,16300115.0,False
2019-01,5800,South Korea,6870635.0,False
2019-01,5820,Hong Kong,3178103.0,False
2019-01,5830,Taiwan,19569925.0,False
2019-01,5880,Japan,13066873.0,False
2019-01,3510,Brazil,28890.0,False
2019-01,4039,Norway,114752.0,False
2019-01,4050,Finland,6200.0,False
2019-01,4099,Denmark,175763.0,False
2019-01,4120,United Kingdom,538810.0,False
2019-01,4190,Ireland,1350513.0,False
2019-01,4210,Netherlands,489169.0,False
2019-01,4279,France,259300.0,False
2019-01,4280,Germany,1657306.0,False
2019-01,4330,Austria,13791.0,False
2019-01,4351,Czech Republic,166899.0,False
2019-01,4370,Hungary,216986.0,False
2019-01,4419,Switzerland,29522.0,False
2019-01,4759,Italy,198783.0,False
2019-01,5081,Israel,712495.0,False
2019-01,5170,Saudi Arabia,500000.0,False
2019-01,-,Total For All Countries,77441659.0,True
2019-01,0003,European Union,4534710.0,False
2019-01,1XXX,North America,2729426.0,False
2019-01,4XXX,Europe,5217794.0,False
2019-01,0014,Pacific Rim Countries,67369624.0,False
2019-01,5XXX,Asia,69465549.0,False
2019-01,0020,Usmca (Nafta),2729426.0,False
2019-01,0021,Twenty Latin American Republics,2471275.0,False
2019-01,0022,Oecd,28597223.0,False
2019-01,0023,Nato,4104809.0,False
2019-01,0024,Lafta,2471275.0,False
2019-01,0025,Euro Area,3975062.0,False
2019-01,0026,Apec,70739979.0,False
2019-01,0027,Asean,9024902.0,False
2019-01,1220,Canada,287041.0,False
2019-01,2010,Mexico,2442385.0,False
2019-01,3XXX,South America,28890.0,False
2019-02,5330,India,381596.0,False
2019-02,5490,Thailand,384231.0,False
2019-02,5520,Vietnam,0.0,False
2019-02,5570,Malaysia,1223271.0,False
2019-02,5590,Singapore,4938546.0,False
2019-02,5650,Philippines,1377774.0,False
2019-02,5700,China,7090869.0,False
2019-02,5800,South Korea,9322510.0,False
2019-02,5820,Hong Kong,3031810.0,False
2019-02,5830,Taiwan,16575198.0,False
2019-02,5880,Japan,10267375.0,False
2019-02,3510,Brazil,0.0,False
2019-02,3570,Argentina,27108.0,False
2019-02,4010,Sweden,37715.0,False
2019-02,4039,Norway,0.0,False
2019-02,4050,Finland,0.0,False
2019-02,4099,Denmark,9145.0,False
2019-02,4120,United Kingdom,1685442.0,False
2019-02,4190,Ireland,1094610.0,False
2019-02,4210,Netherlands,71295.0,False
2019-02,4279,France,231406.0,False
2019-02,4280,Germany,1293563.0,False
2019-02,4330,Austria,251661.0,False
2019-02,4351,Czech Republic,0.0,False
2019-02,4370,Hungary,13628.0,False
2019-02,4419,Switzerland,50524.0,False
2019-02,4621,Russia,14207.0,False
2019-02,4730,Malta,23400.0,False
2019-02,4759,Italy,378730.0,False
2019-02,4840,Greece,54995.0,False
2019-02,4890,Turkey,31300.0,False
2019-02,5081,Israel,1194011.0,False
2019-02,5170,Saudi Arabia,130237.0,False
2019-02,-,Total For All Countries,62815027.0,True
2019-02,0003,European Union,3460148.0,False
2019-02,1XXX,North America,1186070.0,False
2019-02,4XXX,Europe,5241621.0,False
2019-02,0014,Pacific Rim Countries,53827353.0,False
2019-02,5XXX,Asia,55917428.0,False
2019-02,0017,Cafta-Dr,442800.0,False
2019-02,0020,Usmca (Nafta),1186070.0,False
2019-02,0021,Twenty Latin American Republics,1542717.0,False
2019-02,0022,Oecd,27173980.0,False
2019-02,0023,Nato,3882765.0,False
2019-02,0024,Lafta,1099917.0,False
2019-02,0025,Euro Area,3399660.0,False
2019-02,0026,Apec,55411861.0,False
2019-02,0027,Asean,7923822.0,False
2019-02,0028,Cacm,442800.0,False
2019-02,1220,Canada,113261.0,False
2019-02,2010,Mexico,1072809.0,False
2019-02,2230,Costa Rica,442800.0,False
2019-02,2XXX,Central America,442800.0,False
2019-02,3XXX,South America,27108.0,False
2019-03,5330,India,944252.0,False
2019-03,5490,Thailand,88735.0,False
2019-03,5520,Vietnam,0.0,False
2019-03,5570,Malaysia,2336382.0,False
2019-03,5590,Singapore,4806289.0,False
2019-03,5650,Philippines,3991109.0,False
2019-03,5700,China,14865911.0,False
2019-03,5800,South Korea,30548070.0,False
2019-03,5820,Hong Kong,7975340.0,False
2019-03,5830,Taiwan,20778906.0,False
2019-03,5880,Japan,6836878.0,False
2019-03,6021,Australia,9629.0,False
2019-03,3510,Brazil,120000.0,False
2019-03,3570,Argentina,0.0,False
2019-03,4010,Sweden,45833.0,False
2019-03,4039,Norway,0.0,False
2019-03,4050,Finland,26400.0,False
2019-03,4099,Denmark,0.0,False
2019-03,4120,United Kingdom,422263.0,False
2019-03,4190,Ireland,178385.0,False
2019-03,4210,Netherlands,391353.0,False
2019-03,4279,France,858290.0,False
2019-03,4280,Germany,1336826.0,False
2019-03,4330,Austria,0.0,False
2019-03,4351,Czech Republic,0.0,False
2019-03,4370,Hungary,0.0,False
2019-03,4419,Switzerland,0.0,False
2019-03,4510,Lithuania,12747.0,False
2019-03,4550,Poland,25732.0,False
2019-03,4621,Russia,14139.0,False
2019-03,4730,Malta,35100.0,False
2019-03,4759,Italy,581789.0,False
2019-03,4840,Greece,0.0,False
2019-03,4890,Turkey,0.0,False
2019-03,5081,Israel,1155009.0,False
2019-03,5170,Saudi Arabia,152000.0,False
2019-03,-,Total For All Countries,100418183.0,True
2019-03,0003,European Union,3492455.0,False
2019-03,1XXX,North America,1761339.0,False
2019-03,4XXX,Europe,3928857.0,False
2019-03,0014,Pacific Rim Countries,92148514.0,False
2019-03,5XXX,Asia,94478881.0,False
2019-03,0017,Cafta-Dr,119477.0,False
2019-03,6XXX,Australia And Oceania,9629.0,False
2019-03,0020,Usmca (Nafta),1761339.0,False
2019-03,0021,Twenty Latin American Republics,1570136.0,False
2019-03,0022,Oecd,44177796.0,False
2019-03,0023,Nato,4059680.0,False
2019-03,0024,Lafta,1450659.0,False
2019-03,0025,Euro Area,3420890.0,False
2019-03,0026,Apec,94012727.0,False
2019-03,0027,Asean,11222515.0,False
2019-03,0028,Cacm,119477.0,False
2019-03,1220,Canada,430680.0,False
2019-03,2010,Mexico,1330659.0,False
2019-03,2230,Costa Rica,119477.0,False
2019-03,2XXX,Central America,119477.0,False
2019-03,3XXX,South America,120000.0,False
2019-04,5330,India,121232.0,False
2019-04,5490,Thailand,103349.0,False
2019-04,5520,Vietnam,137388.0,False
2019-04,5570,Malaysia,7513381.0,False
2019-04,5590,Singapore,1630445.0,False
2019-04,5650,Philippines,598570.0,False
2019-04,5700,China,14601016.0,False
2019-04,5800,South Korea,11256391.0,False
2019-04,5820,Hong Kong,286323.0,False
2019-04,5830,Taiwan,10508975.0,False
2019-04,5880,Japan,10829640.0,False
2019-04,6021,Australia,43495.0,False
2019-04,3510,Brazil,74880.0,False
2019-04,3570,Argentina,0.0,False
2019-04,4010,Sweden,0.0,False
2019-04,4039,Norway,0.0,False
2019-04,4050,Finland,0.0,False
2019-04,4099,Denmark,40285.0,False
2019-04,4120,United Kingdom,455263.0,False
2019-04,4190,Ireland,1011362.0,False
2019-04,4210,Netherlands,140092.0,False
2019-04,4279,France,745451.0,False
2019-04,4280,Germany,1885341.0,False
2019-04,4330,Austria,142429.0,False
2019-04,4351,Czech Republic,58053.0,False
2019-04,7749,Ethiopia,26061.0,False
2019-04,4370,Hungary,0.0,False
2019-04,4419,Switzerland,83595.0,False
2019-04,4510,Lithuania,0.0,False
2019-04,4550,Poland,0.0,False
2019-04,4621,Russia,24818.0,False
2019-04,4622,Belarus,20657.0,False
2019-04,4710,Portugal,16333.0,False
2019-04,4730,Malta,46800.0,False
2019-04,4759,Italy,2936151.0,False
2019-04,4840,Greece,0.0,False
2019-04,4890,Turkey,0.0,False
2019-04,5081,Israel,1086710.0,False
2019-04,5170,Saudi Arabia,187641.0,False
2019-04,-,Total For All Countries,68092877.0,True
2019-04,0003,European Union,7022297.0,False
2019-04,1XXX,North America,1480750.0,False
2019-04,4XXX,Europe,7606630.0,False
2019-04,7XXX,Africa,26061.0,False
2019-04,0014,Pacific Rim Countries,57268236.0,False
2019-04,5XXX,Asia,58861061.0,False
2019-04,0017,Cafta-Dr,0.0,False
2019-04,6XXX,Australia And Oceania,43495.0,False
2019-04,0020,Usmca (Nafta),1480750.0,False
2019-04,0021,Twenty Latin American Republics,980958.0,False
2019-04,0022,Oecd,32211341.0,False
2019-04,0023,Nato,6851641.0,False
2019-04,0024,Lafta,980958.0,False
2019-04,0025,Euro Area,6923959.0,False
2019-04,0026,Apec,59014541.0,False
2019-04,0027,Asean,9983133.0,False
2019-04,0028,Cacm,0.0,False
2019-04,1220,Canada,574672.0,False
2019-04,2010,Mexico,906078.0,False
2019-04,2230,Costa Rica,0.0,False
2019-04,2XXX,Central America,0.0,False
2019-04,3XXX,South America,74880.0,False
2019-05,5330,India,89828.0,False
2019-05,5490,Thailand,518813.0,False
2019-05,5520,Vietnam,144984.0,False
2019-05,5570,Malaysia,2876927.0,False
2019-05,5590,Singapore,1646483.0,False
2019-05,5650,Philippines,1329013.0,False
2019-05,5700,China,24685933.0,False
2019-05,5800,South Korea,10778245.0,False
2019-05,5820,Hong Kong,414530.0,False
2019-05,5830,Taiwan,10081289.0,False
2019-05,5880,Japan,3783765.0,False
2019-05,6021,Australia,0.0,False
2019-05,3370,Chile,24038.0,False
2019-05,3510,Brazil,97565.0,False
2019-05,3570,Argentina,16373.0,False
2019-05,4010,Sweden,0.0,False
2019-05,4039,Norway,0.0,False
2019-05,4050,Finland,11940.0,False
2019-05,4099,Denmark,0.0,False
2019-05,4120,United Kingdom,225579.0,False
2019-05,4190,Ireland,1087521.0,False
2019-05,4210,Netherlands,35822.0,False
2019-05,4231,Belgium,9990.0,False
2019-05,4279,France,250453.0,False
2019-05,4280,Germany,1164471.0,False
2019-05,4330,Austria,17050.0,False
2019-05,4351,Czech Republic,0.0,False
2019-05,7749,Ethiopia,0.0,False
2019-05,4370,Hungary,0.0,False
2019-05,4419,Switzerland,24692.0,False
2019-05,4510,Lithuania,0.0,False
2019-05,4550,Poland,44441.0,False
2019-05,4621,Russia,0.0,False
2019-05,4622,Belarus,0.0,False
2019-05,4710,Portugal,0.0,False
2019-05,4730,Malta,0.0,False
2019-05,4759,Italy,289017.0,False
2019-05,4840,Greece,0.0,False
2019-05,4890,Turkey,0.0,False
2019-05,5081,Israel,1383182.0,False
2019-05,5170,Saudi Arabia,0.0,False
2019-05,-,Total For All Countries,62189503.0,True
2019-05,0003,European Union,2910705.0,False
2019-05,1XXX,North America,977084.0,False
2019-05,4XXX,Europe,3160976.0,False
2019-05,7XXX,Africa,0.0,False
2019-05,0014,Pacific Rim Countries,55596185.0,False
2019-05,5XXX,Asia,57732992.0,False
2019-05,0017,Cafta-Dr,180475.0,False
2019-05,6XXX,Australia And Oceania,0.0,False
2019-05,0020,Usmca (Nafta),977084.0,False
2019-05,0021,Twenty Latin American Republics,1039109.0,False
2019-05,0022,Oecd,20107290.0,False
2019-05,0023,Nato,2276199.0,False
2019-05,0024,Lafta,858634.0,False
2019-05,0025,Euro Area,2866264.0,False
2019-05,0026,Apec,57261104.0,False
2019-05,0027,Asean,6516220.0,False
2019-05,0028,Cacm,180475.0,False
2019-05,1220,Canada,256426.0,False
2019-05,2010,Mexico,720658.0,False
2019-05,2230,Costa Rica,180475.0,False
2019-05,2XXX,Central America,180475.0,False
2019-05,3XXX,South America,137976.0,False
2019-06,5200,United Arab Emirates,13830.0,False
2019-06,5330,India,630629.0,False
2019-06,5490,Thailand,209028.0,False
2019-06,5520,Vietnam,389962.0,False
2019-06,5570,Malaysia,3676692.0,False
2019-06,5590,Singapore,1657993.0,False
2019-06,5650,Philippines,4668235.0,False
2019-06,5700,China,19462104.0,False
2019-06,5800,South Korea,13641522.0,False
2019-06,5820,Hong Kong,415052.0,False
2019-06,5830,Taiwan,14580458.0,False
2019-06,5880,Japan,6375704.0,False
2019-06,6021,Australia,71696.0,False
2019-06,3370,Chile,0.0,False
2019-06,3510,Brazil,0.0,False
2019-06,3570,Argentina,69655.0,False
2019-06,4010,Sweden,38743.0,False
2019-06,4039,Norway,0.0,False
2019-06,4050,Finland,621800.0,False
2019-06,4099,Denmark,88640.0,False
2019-06,4120,United Kingdom,132932.0,False
2019-06,4190,Ireland,1045254.0,False
2019-06,4210,Netherlands,650411.0,False
2019-06,4231,Belgium,0.0,False
2019-06,4279,France,218726.0,False
2019-06,4280,Germany,1483851.0,False
2019-06,4330,Austria,315345.0,False
2019-06,4351,Czech Republic,0.0,False
2019-06,7749,Ethiopia,0.0,False
2019-06,4370,Hungary,13429.0,False
2019-06,4419,Switzerland,27165.0,False
2019-06,4510,Lithuania,0.0,False
2019-06,4550,Poland,9400.0,False
2019-06,4621,Russia,0.0,False
2019-06,4622,Belarus,0.0,False
2019-06,4700,Spain,17995.0,False
2019-06,4710,Portugal,0.0,False
2019-06,4730,Malta,116600.0,False
2019-06,4759,Italy,63127.0,False
2019-06,4840,Greece,0.0,False
2019-06,4890,Turkey,395162.0,False
2019-06,5081,Israel,1171504.0,False
2019-06,5170,Saudi Arabia,0.0,False
2019-06,-,Total For All Countries,74467043.0,True
2019-06,0003,European Union,4683321.0,False
2019-06,1XXX,North America,1152507.0,False
2019-06,4XXX,Europe,5238580.0,False
2019-06,7XXX,Africa,0.0,False
2019-06,0014,Pacific Rim Countries,64549456.0,False
2019-06,5XXX,Asia,66892713.0,False
2019-06,0017,Cafta-Dr,1041892.0,False
2019-06,6XXX,Australia And Oceania,71696.0,False
2019-06,0020,Usmca (Nafta),1152507.0,False
2019-06,0021,Twenty Latin American Republics,2179957.0,False
2019-06,0022,Oecd,27534913.0,False
2019-06,0023,Nato,3157770.0,False
2019-06,0024,Lafta,1138065.0,False
2019-06,0025,Euro Area,4533109.0,False
2019-06,0026,Apec,66300953.0,False
2019-06,0027,Asean,10601910.0,False
2019-06,0028,Cacm,1041892.0,False
2019-06,1220,Canada,84097.0,False
2019-06,2010,Mexico,1068410.0,False
2019-06,2230,Costa Rica,1041892.0,False
2019-06,2XXX,Central America,1041892.0,False
2019-06,3XXX,South America,69655.0,False
2019-07,5200,United Arab Emirates,13883.0,False
2019-07,5330,India,373368.0,False
2019-07,5490,Thailand,506075.0,False
2019-07,5520,Vietnam,789259.0,False
2019-07,5570,Malaysia,1711697.0,False
2019-07,5590,Singapore,2633227.0,False
2019-07,5650,Philippines,1369559.0,False
2019-07,5700,China,15040387.0,False
2019-07,5800,South Korea,10528605.0,False
2019-07,5820,Hong Kong,703258.0,False
2019-07,5830,Taiwan,13013326.0,False
2019-07,5880,Japan,8698794.0,False
2019-07,6021,Australia,0.0,False
2019-07,3370,Chile,0.0,False
2019-07,3510,Brazil,0.0,False
2019-07,3570,Argentina,145209.0,False
2019-07,4010,Sweden,50268.0,False
2019-07,4039,Norway,75136.0,False
2019-07,4050,Finland,63474.0,False
2019-07,4099,Denmark,0.0,False
2019-07,4120,United Kingdom,71791.0,False
2019-07,4190,Ireland,482296.0,False
2019-07,4210,Netherlands,319139.0,False
2019-07,4231,Belgium,28800.0,False
2019-07,4279,France,41209.0,False
2019-07,4280,Germany,4415580.0,False
2019-07,4330,Austria,0.0,False
2019-07,4351,Czech Republic,0.0,False
2019-07,7749,Ethiopia,0.0,False
2019-07,4370,Hungary,12025.0,False
2019-07,4419,Switzerland,0.0,False
2019-07,4510,Lithuania,0.0,False
2019-07,4550,Poland,227160.0,False
2019-07,4621,Russia,0.0,False
2019-07,4622,Belarus,0.0,False
2019-07,4644,Uzbekistan,52850.0,False
2019-07,4700,Spain,0.0,False
2019-07,4710,Portugal,0.0,False
2019-07,4730,Malta,78975.0,False
2019-07,4759,Italy,586986.0,False
2019-07,4840,Greece,0.0,False
2019-07,4890,Turkey,649320.0,False
2019-07,5081,Israel,745631.0,False
2019-07,5170,Saudi Arabia,12000.0,False
2019-07,-,Total For All Countries,64950004.0,True
2019-07,0003,European Union,6305912.0,False
2019-07,1XXX,North America,1184706.0,False
2019-07,4XXX,Europe,7155009.0,False
2019-07,7XXX,Africa,0.0,False
2019-07,0014,Pacific Rim Countries,53698853.0,False
2019-07,5XXX,Asia,56139069.0,False
2019-07,0017,Cafta-Dr,326011.0,False
2019-07,6XXX,Australia And Oceania,0.0,False
2019-07,0020,Usmca (Nafta),1184706.0,False
2019-07,0021,Twenty Latin American Republics,1453733.0,False
2019-07,0022,Oecd,28180920.0,False
2019-07,0023,Nato,6629339.0,False
2019-07,0024,Lafta,1127722.0,False
2019-07,0025,Euro Area,6016459.0,False
2019-07,0026,Apec,56178893.0,False
2019-07,0027,Asean,7009817.0,False
2019-07,0028,Cacm,326011.0,False
2019-07,1220,Canada,202193.0,False
2019-07,2010,Mexico,982513.0,False
2019-07,2230,Costa Rica,326011.0,False
2019-07,2XXX,Central America,326011.0,False
2019-07,3XXX,South America,145209.0,False
2019-08,5200,United Arab Emirates,0.0,False
2019-08,5330,India,1110148.0,False
2019-08,5490,Thailand,2798003.0,False
2019-08,5520,Vietnam,208975.0,False
2019-08,5570,Malaysia,3257722.0,False
2019-08,5590,Singapore,3130584.0,False
2019-08,5650,Philippines,2724435.0,False
2019-08,5700,China,20891497.0,False
2019-08,5800,South Korea,13615902.0,False
2019-08,5820,Hong Kong,287508.0,False
2019-08,5830,Taiwan,14095253.0,False
2019-08,5880,Japan,6448879.0,False
2019-08,6021,Australia,0.0,False
2019-08,3370,Chile,0.0,False
2019-08,3510,Brazil,0.0,False
2019-08,3570,Argentina,0.0,False
2019-08,4010,Sweden,0.0,False
2019-08,4039,Norway,10059.0,False
2019-08,4050,Finland,0.0,False
2019-08,4099,Denmark,0.0,False
2019-08,4120,United Kingdom,682160.0,False
2019-08,4190,Ireland,2357586.0,False
2019-08,4210,Netherlands,139646.0,False
2019-08,4231,Belgium,25660.0,False
2019-08,4279,France,236980.0,False
2019-08,4280,Germany,1030548.0,False
2019-08,4330,Austria,64140.0,False
2019-08,4351,Czech Republic,0.0,False
2019-08,7749,Ethiopia,0.0,False
2019-08,4370,Hungary,0.0,False
2019-08,4419,Switzerland,0.0,False
2019-08,4510,Lithuania,0.0,False
2019-08,4550,Poland,0.0,False
2019-08,4621,Russia,15680.0,False
2019-08,4622,Belarus,0.0,False
2019-08,4644,Uzbekistan,0.0,False
2019-08,4700,Spain,11423.0,False
2019-08,4710,Portugal,0.0,False
2019-08,4730,Malta,93600.0,False
2019-08,4759,Italy,369565.0,False
2019-08,4840,Greece,0.0,False
2019-08,4850,Romania,10059.0,False
2019-08,4870,Bulgaria,12026.0,False
2019-08,4890,Turkey,0.0,False
2019-08,5081,Israel,1282427.0,False
2019-08,5170,Saudi Arabia,0.0,False
2019-08,-,Total For All Countries,76029611.0,True
2019-08,0003,European Union,4351233.0,False
2019-08,1XXX,North America,938896.0,False
2019-08,4XXX,Europe,5059132.0,False
2019-08,7XXX,Africa,0.0,False
2019-08,0014,Pacific Rim Countries,64451780.0,False
2019-08,5XXX,Asia,69851333.0,False
2019-08,0017,Cafta-Dr,180250.0,False
2019-08,6XXX,Australia And Oceania,0.0,False
2019-08,0020,Usmca (Nafta),938896.0,False
2019-08,0021,Twenty Latin American Republics,935137.0,False
2019-08,0022,Oecd,27213871.0,False
2019-08,0023,Nato,2712135.0,False
2019-08,0024,Lafta,754887.0,False
2019-08,0025,Euro Area,4329148.0,False
2019-08,0026,Apec,68413334.0,False
2019-08,0027,Asean,12119719.0,False
2019-08,0028,Cacm,180250.0,False
2019-08,1220,Canada,184009.0,False
2019-08,2010,Mexico,754887.0,False
2019-08,2230,Costa Rica,180250.0,False
2019-08,2XXX,Central America,180250.0,False
2019-08,3XXX,South America,0.0,False
2019-09,5200,United Arab Emirates,0.0,False
2019-09,5330,India,330901.0,False
2019-09,5490,Thailand,2238525.0,False
2019-09,5520,Vietnam,531686.0,False
2019-09,5570,Malaysia,3510754.0,False
2019-09,5590,Singapore,3316416.0,False
2019-09,5650,Philippines,902555.0,False
2019-09,5700,China,25196209.0,False
2019-09,5800,South Korea,10902879.0,False
2019-09,5820,Hong Kong,1144423.0,False
2019-09,5830,Taiwan,9730721.0,False
2019-09,5880,Japan,4677991.0,False
2019-09,6021,Australia,132600.0,False
2019-09,3370,Chile,0.0,False
2019-09,3510,Brazil,0.0,False
2019-09,3570,Argentina,0.0,False
2019-09,4010,Sweden,75403.0,False
2019-09,4039,Norway,0.0,False
2019-09,4050,Finland,0.0,False
2019-09,4099,Denmark,0.0,False
2019-09,4120,United Kingdom,301603.0,False
2019-09,4190,Ireland,694789.0,False
2019-09,4210,Netherlands,91048.0,False
2019-09,4231,Belgium,0.0,False
2019-09,4279,France,382897.0,False
2019-09,4280,Germany,1813450.0,False
2019-09,4330,Austria,0.0,False
2019-09,4351,Czech Republic,0.0,False
2019-09,7749,Ethiopia,0.0,False
2019-09,4370,Hungary,0.0,False
2019-09,4419,Switzerland,12017.0,False
2019-09,4510,Lithuania,0.0,False
2019-09,4550,Poland,0.0,False
2019-09,4621,Russia,125546.0,False
2019-09,4622,Belarus,0.0,False
2019-09,4644,Uzbekistan,0.0,False
2019-09,4700,Spain,0.0,False
2019-09,4710,Portugal,0.0,False
2019-09,4730,Malta,46800.0,False
2019-09,4759,Italy,1769483.0,False
2019-09,4840,Greece,0.0,False
2019-09,4850,Romania,0.0,False
2019-09,4870,Bulgaria,0.0,False
2019-09,4890,Turkey,0.0,False
2019-09,5081,Israel,639575.0,False
2019-09,5170,Saudi Arabia,10547.0,False
2019-09,-,Total For All Countries,69613246.0,True
2019-09,0003,European Union,4873870.0,False
2019-09,1XXX,North America,1008928.0,False
2019-09,4XXX,Europe,5313036.0,False
2019-09,7XXX,Africa,0.0,False
2019-09,0014,Pacific Rim Countries,59514548.0,False
2019-09,5XXX,Asia,63133182.0,False
2019-09,0017,Cafta-Dr,25500.0,False
2019-09,6XXX,Australia And Oceania,132600.0,False
2019-09,0020,Usmca (Nafta),1008928.0,False
2019-09,0021,Twenty Latin American Republics,948031.0,False
2019-09,0022,Oecd,22502663.0,False
2019-09,0023,Nato,4444878.0,False
2019-09,0024,Lafta,922531.0,False
2019-09,0025,Euro Area,4798467.0,False
2019-09,0026,Apec,63419233.0,False
2019-09,0027,Asean,10499936.0,False
2019-09,0028,Cacm,25500.0,False
2019-09,1220,Canada,86397.0,False
2019-09,2010,Mexico,922531.0,False
2019-09,2230,Costa Rica,25500.0,False
2019-09,2XXX,Central America,25500.0,False
2019-09,3XXX,South America,0.0,False
2019-10,5200,United Arab Emirates,0.0,False
2019-10,5330,India,378716.0,False
2019-10,5350,Pakistan,56956.0,False
2019-10,5490,Thailand,1582272.0,False
2019-10,5520,Vietnam,105000.0,False
2019-10,5570,Malaysia,1272655.0,False
2019-10,5590,Singapore,1896985.0,False
2019-10,5650,Philippines,1821101.0,False
2019-10,5700,China,19787174.0,False
2019-10,5800,South Korea,16338745.0,False
2019-10,5820,Hong Kong,735312.0,False
2019-10,5830,Taiwan,10670310.0,False
2019-10,5880,Japan,6139204.0,False
2019-10,6021,Australia,24750.0,False
2019-10,3370,Chile,0.0,False
2019-10,3510,Brazil,11913.0,False
2019-10,3570,Argentina,0.0,False
2019-10,4010,Sweden,20530.0,False
2019-10,4039,Norway,0.0,False
2019-10,4050,Finland,0.0,False
2019-10,4099,Denmark,10419.0,False
2019-10,4120,United Kingdom,291280.0,False
2019-10,4190,Ireland,85819.0,False
2019-10,4210,Netherlands,843816.0,False
2019-10,4231,Belgium,8995.0,False
2019-10,4279,France,500807.0,False
2019-10,4280,Germany,857164.0,False
2019-10,4330,Austria,388125.0,False
2019-10,4351,Czech Republic,0.0,False
2019-10,7749,Ethiopia,0.0,False
2019-10,4370,Hungary,36896.0,False
2019-10,4419,Switzerland,19980.0,False
2019-10,4510,Lithuania,0.0,False
2019-10,4550,Poland,82095.0,False
2019-10,4621,Russia,43186.0,False
2019-10,4622,Belarus,0.0,False
2019-10,4644,Uzbekistan,0.0,False
2019-10,4700,Spain,0.0,False
2019-10,4710,Portugal,0.0,False
2019-10,4730,Malta,0.0,False
2019-10,4759,Italy,734926.0,False
2019-10,4840,Greece,0.0,False
2019-10,4850,Romania,87720.0,False
2019-10,4870,Bulgaria,0.0,False
2019-10,4890,Turkey,170580.0,False
2019-10,5081,Israel,720831.0,False
2019-10,5170,Saudi Arabia,0.0,False
2019-10,-,Total For All Countries,67055167.0,True
2019-10,0003,European Union,3657312.0,False
2019-10,1XXX,North America,1212179.0,False
2019-10,4XXX,Europe,4182338.0,False
2019-10,7XXX,Africa,0.0,False
2019-10,0014,Pacific Rim Countries,58686236.0,False
2019-10,5XXX,Asia,61505261.0,False
2019-10,0017,Cafta-Dr,118726.0,False
2019-10,6XXX,Australia And Oceania,24750.0,False
2019-10,0020,Usmca (Nafta),1212179.0,False
2019-10,0021,Twenty Latin American Republics,1300132.0,False
2019-10,0022,Oecd,28487141.0,False
2019-10,0023,Nato,3667384.0,False
2019-10,0024,Lafta,1181406.0,False
2019-10,0025,Euro Area,3419652.0,False
2019-10,0026,Apec,61628873.0,False
2019-10,0027,Asean,6678013.0,False
2019-10,0028,Cacm,118726.0,False
2019-10,1220,Canada,42686.0,False
2019-10,2010,Mexico,1169493.0,False
2019-10,2230,Costa Rica,118726.0,False
2019-10,2XXX,Central America,118726.0,False
2019-10,3XXX,South America,11913.0,False
2019-11,5200,United Arab Emirates,0.0,False
2019-11,5330,India,562724.0,False
2019-11,5350,Pakistan,0.0,False
2019-11,5490,Thailand,731609.0,False
2019-11,5520,Vietnam,403759.0,False
2019-11,5570,Malaysia,2470650.0,False
2019-11,5590,Singapore,2880992.0,False
2019-11,5650,Philippines,2673397.0,False
2019-11,5700,China,19382582.0,False
2019-11,5800,South Korea,19253021.0,False
2019-11,5820,Hong Kong,491725.0,False
2019-11,5830,Taiwan,13126907.0,False
2019-11,5880,Japan,4022952.0,False
2019-11,6021,Australia,314471.0,False
2019-11,6141,New Zealand,9000.0,False
2019-11,3370,Chile,0.0,False
2019-11,3510,Brazil,21929.0,False
2019-11,3570,Argentina,0.0,False
2019-11,4010,Sweden,36426.0,False
2019-11,4039,Norway,0.0,False
2019-11,4050,Finland,0.0,False
2019-11,4099,Denmark,0.0,False
2019-11,4120,United Kingdom,147138.0,False
2019-11,4190,Ireland,2328399.0,False
2019-11,4210,Netherlands,134759.0,False
2019-11,4231,Belgium,42750.0,False
2019-11,4279,France,145259.0,False
2019-11,4280,Germany,366851.0,False
2019-11,4330,Austria,53102.0,False
2019-11,4351,Czech Republic,81000.0,False
2019-11,7749,Ethiopia,0.0,False
2019-11,4370,Hungary,0.0,False
2019-11,4419,Switzerland,0.0,False
2019-11,4510,Lithuania,0.0,False
2019-11,4550,Poland,49761.0,False
2019-11,4621,Russia,22555.0,False
2019-11,4622,Belarus,0.0,False
2019-11,4634,Kazakhstan,35500.0,False
2019-11,4644,Uzbekistan,0.0,False
2019-11,4700,Spain,0.0,False
2019-11,4710,Portugal,0.0,False
2019-11,4730,Malta,56500.0,False
2019-11,4759,Italy,1139035.0,False
2019-11,4840,Greece,0.0,False
2019-11,4850,Romania,0.0,False
2019-11,4870,Bulgaria,0.0,False
2019-11,4890,Turkey,0.0,False
2019-11,5081,Israel,1077680.0,False
2019-11,5170,Saudi Arabia,0.0,False
2019-11,-,Total For All Countries,72648242.0,True
2019-11,0003,European Union,4433842.0,False
2019-11,1XXX,North America,557309.0,False
2019-11,4XXX,Europe,4639035.0,False
2019-11,7XXX,Africa,0.0,False
2019-11,0014,Pacific Rim Countries,64625697.0,False
2019-11,5XXX,Asia,67077998.0,False
2019-11,0017,Cafta-Dr,28500.0,False
2019-11,6XXX,Australia And Oceania,323471.0,False
2019-11,0020,Usmca (Nafta),557309.0,False
2019-11,0021,Twenty Latin American Republics,376131.0,False
2019-11,0022,Oecd,29758913.0,False
2019-11,0023,Nato,2338160.0,False
2019-11,0024,Lafta,347631.0,False
2019-11,0025,Euro Area,4266655.0,False
2019-11,0026,Apec,66340929.0,False
2019-11,0027,Asean,9160407.0,False
2019-11,0028,Cacm,28500.0,False
2019-11,1220,Canada,231607.0,False
2019-11,2010,Mexico,325702.0,False
2019-11,2230,Costa Rica,28500.0,False
2019-11,2XXX,Central America,28500.0,False
2019-11,3XXX,South America,21929.0,False
2019-12,5200,United Arab Emirates,0.0,False
2019-12,5330,India,234715.0,False
2019-12,5350,Pakistan,0.0,False
2019-12,5490,Thailand,572823.0,False
2019-12,5520,Vietnam,375100.0,False
2019-12,5570,Malaysia,4297676.0,False
2019-12,5590,Singapore,2744179.0,False
2019-12,5600,Indonesia,39301.0,False
2019-12,5650,Philippines,624247.0,False
2019-12,5700,China,23510825.0,False
2019-12,5800,South Korea,9675999.0,False
2019-12,5820,Hong Kong,699859.0,False
2019-12,5830,Taiwan,17031270.0,False
2019-12,5880,Japan,3520244.0,False
2019-12,6021,Australia,11172.0,False
2019-12,6141,New Zealand,0.0,False
2019-12,3370,Chile,0.0,False
2019-12,3510,Brazil,73574.0,False
2019-12,3570,Argentina,0.0,False
2019-12,4010,Sweden,0.0,False
2019-12,4039,Norway,0.0,False
2019-12,4050,Finland,650000.0,False
2019-12,4099,Denmark,0.0,False
2019-12,4120,United Kingdom,420399.0,False
2019-12,4190,Ireland,625341.0,False
2019-12,4210,Netherlands,192014.0,False
2019-12,4231,Belgium,0.0,False
2019-12,4279,France,3026584.0,False
2019-12,4280,Germany,804313.0,False
2019-12,4330,Austria,315699.0,False
2019-12,4351,Czech Republic,286800.0,False
2019-12,7140,Morocco,126888.0,False
2019-12,7749,Ethiopia,0.0,False
2019-12,4370,Hungary,11500.0,False
2019-12,4419,Switzerland,0.0,False
2019-12,4490,Latvia,10000.0,False
2019-12,4510,Lithuania,19429.0,False
2019-12,4550,Poland,19954.0,False
2019-12,4621,Russia,0.0,False
2019-12,4622,Belarus,0.0,False
2019-12,4634,Kazakhstan,0.0,False
2019-12,4644,Uzbekistan,0.0,False
2019-12,4700,Spain,49100.0,False
2019-12,4710,Portugal,0.0,False
2019-12,4730,Malta,0.0,False
2019-12,4759,Italy,1029821.0,False
2019-12,4840,Greece,0.0,False
2019-12,4850,Romania,0.0,False
2019-12,4870,Bulgaria,0.0,False
2019-12,4890,Turkey,121640.0,False
2019-12,5081,Israel,574068.0,False
2019-12,5130,Kuwait,75729.0,False
2019-12,5170,Saudi Arabia,13871.0,False
2019-12,-,Total For All Countries,72888063.0,True
2019-12,0003,European Union,7040555.0,False
2019-12,1XXX,North America,1103929.0,False
2019-12,4XXX,Europe,7582594.0,False
2019-12,7XXX,Africa,126888.0,False
2019-12,0014,Pacific Rim Countries,62154772.0,False
2019-12,5XXX,Asia,63989906.0,False
2019-12,0017,Cafta-Dr,0.0,False
2019-12,6XXX,Australia And Oceania,11172.0,False
2019-12,0020,Usmca (Nafta),1103929.0,False
2019-12,0021,Twenty Latin American Republics,810316.0,False
2019-12,0022,Oecd,22438577.0,False
2019-12,0023,Nato,6358741.0,False
2019-12,0024,Lafta,810316.0,False
2019-12,0025,Euro Area,6722301.0,False
2019-12,0026,Apec,64206624.0,False
2019-12,0027,Asean,8653326.0,False
2019-12,0028,Cacm,0.0,False
2019-12,1220,Canada,367187.0,False
2019-12,2010,Mexico,736742.0,False
2019-12,2230,Costa Rica,0.0,False
2019-12,2XXX,Central America,0.0,False
2019-12,3XXX,South America,73574.0,False
2020-01,5330,India,449751.0,False
2020-01,5490,Thailand,370491.0,False
2020-01,5570,Malaysia,2903518.0,False
2020-01,5590,Singapore,3582482.0,False
2020-01,5650,Philippines,1074657.0,False
2020-01,5700,China,17957714.0,False
2020-01,5800,South Korea,10426897.0,False
2020-01,5820,Hong Kong,1555850.0,False
2020-01,5830,Taiwan,20211881.0,False
2020-01,5880,Japan,5887716.0,False
2020-01,6021,Australia,30771.0,False
2020-01,3510,Brazil,173200.0,False
2020-01,4010,Sweden,50268.0,False
2020-01,4120,United Kingdom,403697.0,False
2020-01,4190,Ireland,4296843.0,False
2020-01,4210,Netherlands,116451.0,False
2020-01,4279,France,1809801.0,False
2020-01,4280,Germany,5335760.0,False
2020-01,4330,Austria,21205.0,False
2020-01,4370,Hungary,91319.0,False
2020-01,4550,Poland,39160.0,False
2020-01,4730,Malta,113000.0,False
2020-01,4759,Italy,513980.0,False
2020-01,5081,Israel,1157076.0,False
2020-01,-,Total For All Countries,81038973.0,True
2020-01,0003,European Union,12387787.0,False
2020-01,1XXX,North America,2465485.0,False
2020-01,4XXX,Europe,12791484.0,False
2020-01,0014,Pacific Rim Countries,63631486.0,False
2020-01,5XXX,Asia,65578033.0,False
2020-01,6XXX,Australia And Oceania,30771.0,False
2020-01,0020,Usmca (Nafta),2465485.0,False
2020-01,0021,Twenty Latin American Republics,1986749.0,False
2020-01,0022,Oecd,32646429.0,False
2020-01,0023,Nato,8962104.0,False
2020-01,0024,Lafta,1986749.0,False
2020-01,0025,Euro Area,12207040.0,False
2020-01,0026,Apec,66467462.0,False
2020-01,0027,Asean,7931148.0,False
2020-01,1220,Canada,651936.0,False
2020-01,2010,Mexico,1813549.0,False
2020-01,3XXX,South America,173200.0,False
2020-02,5330,India,973260.0,False
2020-02,5490,Thailand,376169.0,False
2020-02,5520,Vietnam,731763.0,False
2020-02,5570,Malaysia,4800949.0,False
2020-02,5590,Singapore,2396844.0,False
2020-02,5650,Philippines,766015.0,False
2020-02,5700,China,14120667.0,False
2020-02,5800,South Korea,14563126.0,False
2020-02,5820,Hong Kong,775385.0,False
2020-02,5830,Taiwan,12717498.0,False
2020-02,5880,Japan,3589145.0,False
2020-02,6021,Australia,0.0,False
2020-02,3510,Brazil,0.0,False
2020-02,4010,Sweden,50268.0,False
2020-02,4039,Norway,24391.0,False
2020-02,4050,Finland,33500.0,False
2020-02,4099,Denmark,32939.0,False
2020-02,4120,United Kingdom,45523.0,False
2020-02,4190,Ireland,6841885.0,False
2020-02,4210,Netherlands,103636.0,False
2020-02,4231,Belgium,325000.0,False
2020-02,4279,France,172584.0,False
2020-02,4280,Germany,2355944.0,False
2020-02,4330,Austria,0.0,False
2020-02,4351,Czech Republic,21269.0,False
2020-02,4370,Hungary,91600.0,False
2020-02,4550,Poland,20000.0,False
2020-02,4621,Russia,29380.0,False
2020-02,4700,Spain,28875.0,False
2020-02,4730,Malta,56500.0,False
2020-02,4759,Italy,710298.0,False
2020-02,5081,Israel,372897.0,False
2020-02,-,Total For All Countries,68027761.0,True
2020-02,0003,European Union,10844298.0,False
2020-02,1XXX,North America,587068.0,False
2020-02,4XXX,Europe,10943592.0,False
2020-02,0014,Pacific Rim Countries,53729629.0,False
2020-02,5XXX,Asia,56183718.0,False
2020-02,0017,Cafta-Dr,313383.0,False
2020-02,6XXX,Australia And Oceania,0.0,False
2020-02,0020,Usmca (Nafta),587068.0,False
2020-02,0021,Twenty Latin American Republics,552058.0,False
2020-02,0022,Oecd,29969948.0,False
2020-02,0023,Nato,4280452.0,False
2020-02,0024,Lafta,238675.0,False
2020-02,0025,Euro Area,10628222.0,False
2020-02,0026,Apec,55454009.0,False
2020-02,0027,Asean,9071740.0,False
2020-02,0028,Cacm,313383.0,False
2020-02,1220,Canada,348393.0,False
2020-02,2010,Mexico,238675.0,False
2020-02,2230,Costa Rica,313383.0,False
2020-02,2XXX,Central America,313383.0,False
2020-02,3XXX,South America,0.0,False
2020-03,5330,India,453449.0,False
2020-03,5490,Thailand,738743.0,False
2020-03,5520,Vietnam,4742571.0,False
2020-03,5570,Malaysia,4225305.0,False
2020-03,5590,Singapore,2411036.0,False
2020-03,5650,Philippines,1684654.0,False
2020-03,5700,China,26893538.0,False
2020-03,5800,South Korea,10603487.0,False
2020-03,5820,Hong Kong,640475.0,False
2020-03,5830,Taiwan,12804901.0,False
2020-03,5880,Japan,2825541.0,False
2020-03,6021,Australia,0.0,False
2020-03,3510,Brazil,0.0,False
2020-03,4010,Sweden,0.0,False
2020-03,4039,Norway,0.0,False
2020-03,4050,Finland,974550.0,False
2020-03,4099,Denmark,0.0,False
2020-03,4120,United Kingdom,194731.0,False
2020-03,4190,Ireland,3518076.0,False
2020-03,4210,Netherlands,70116.0,False
2020-03,4231,Belgium,0.0,False
2020-03,4279,France,546290.0,False
2020-03,4280,Germany,780911.0,False
2020-03,4330,Austria,0.0,False
2020-03,4351,Czech Republic,0.0,False
2020-03,4370,Hungary,0.0,False
2020-03,4419,Switzerland,162879.0,False
2020-03,4550,Poland,0.0,False
2020-03,4621,Russia,0.0,False
2020-03,4700,Spain,0.0,False
2020-03,4730,Malta,169500.0,False
2020-03,4759,Italy,1460118.0,False
2020-03,5081,Israel,1646206.0,False
2020-03,5180,Qatar,27800.0,False
2020-03,-,Total For All Countries,78373334.0,True
2020-03,0003,European Union,7519561.0,False
2020-03,1XXX,North America,662570.0,False
2020-03,4XXX,Europe,7877171.0,False
2020-03,0014,Pacific Rim Countries,62088937.0,False
2020-03,5XXX,Asia,69697706.0,False
2020-03,0017,Cafta-Dr,135887.0,False
2020-03,6XXX,Australia And Oceania,0.0,False
2020-03,0020,Usmca (Nafta),662570.0,False
2020-03,0021,Twenty Latin American Republics,743825.0,False
2020-03,0022,Oecd,23445475.0,False
2020-03,0023,Nato,3106798.0,False
2020-03,0024,Lafta,607938.0,False
2020-03,0025,Euro Area,7519561.0,False
2020-03,0026,Apec,68232821.0,False
2020-03,0027,Asean,13802309.0,False
2020-03,0028,Cacm,135887.0,False
2020-03,1220,Canada,54632.0,False
2020-03,2010,Mexico,607938.0,False
2020-03,2230,Costa Rica,135887.0,False
2020-03,2XXX,Central America,135887.0,False
2020-03,3XXX,South America,0.0,False
2020-04,5330,India,98373.0,False
2020-04,5490,Thailand,1090669.0,False
2020-04,5520,Vietnam,3100451.0,False
2020-04,5570,Malaysia,5272449.0,False
2020-04,5590,Singapore,1324341.0,False
2020-04,5650,Philippines,2340294.0,False
2020-04,5700,China,21938777.0,False
2020-04,5800,South Korea,4425419.0,False
2020-04,5820,Hong Kong,657537.0,False
2020-04,5830,Taiwan,7877799.0,False
2020-04,5880,Japan,3289069.0,False
2020-04,6021,Australia,31961.0,False
2020-04,3510,Brazil,0.0,False
2020-04,4010,Sweden,50268.0,False
2020-04,4039,Norway,0.0,False
2020-04,4050,Finland,0.0,False
2020-04,4099,Denmark,9632.0,False
2020-04,4120,United Kingdom,1474516.0,False
2020-04,4190,Ireland,3758828.0,False
2020-04,4210,Netherlands,90754.0,False
2020-04,4231,Belgium,0.0,False
2020-04,4279,France,651642.0,False
2020-04,4280,Germany,439395.0,False
2020-04,4330,Austria,342809.0,False
2020-04,4351,Czech Republic,0.0,False
2020-04,4370,Hungary,0.0,False
2020-04,4419,Switzerland,96000.0,False
2020-04,4550,Poland,0.0,False
2020-04,4621,Russia,0.0,False
2020-04,4700,Spain,0.0,False
2020-04,4730,Malta,113000.0,False
2020-04,4759,Italy,2957878.0,False
2020-04,5081,Israel,876931.0,False
2020-04,5170,Saudi Arabia,223393.0,False
2020-04,5180,Qatar,0.0,False
2020-04,-,Total For All Countries,62752278.0,True
2020-04,0003,European Union,8414206.0,False
2020-04,1XXX,North America,220093.0,False
2020-04,4XXX,Europe,9984722.0,False
2020-04,0014,Pacific Rim Countries,47157646.0,False
2020-04,5XXX,Asia,52515502.0,False
2020-04,0017,Cafta-Dr,0.0,False
2020-04,6XXX,Australia And Oceania,31961.0,False
2020-04,0020,Usmca (Nafta),220093.0,False
2020-04,0021,Twenty Latin American Republics,195945.0,False
2020-04,0022,Oecd,18715195.0,False
2020-04,0023,Nato,5647965.0,False
2020-04,0024,Lafta,195945.0,False
2020-04,0025,Euro Area,8354306.0,False
2020-04,0026,Apec,51568859.0,False
2020-04,0027,Asean,13128204.0,False
2020-04,0028,Cacm,0.0,False
2020-04,1220,Canada,24148.0,False
2020-04,2010,Mexico,195945.0,False
2020-04,2230,Costa Rica,0.0,False
2020-04,2XXX,Central America,0.0,False
2020-04,3XXX,South America,0.0,False
2020-05,5330,India,245130.0,False
2020-05,5490,Thailand,698793.0,False
2020-05,5520,Vietnam,0.0,False
2020-05,5570,Malaysia,3488064.0,False
2020-05,5590,Singapore,2087202.0,False
2020-05,5650,Philippines,1290613.0,False
2020-05,5700,China,27040661.0,False
2020-05,5800,South Korea,6823852.0,False
2020-05,5820,Hong Kong,432805.0,False
2020-05,5830,Taiwan,18960443.0,False
2020-05,5880,Japan,4607769.0,False
2020-05,6021,Australia,237181.0,False
2020-05,3510,Brazil,0.0,False
2020-05,4010,Sweden,0.0,False
2020-05,4039,Norway,0.0,False
2020-05,4050,Finland,0.0,False
2020-05,4099,Denmark,0.0,False
2020-05,4120,United Kingdom,293422.0,False
2020-05,4190,Ireland,2061070.0,False
2020-05,4210,Netherlands,66381.0,False
2020-05,4231,Belgium,0.0,False
2020-05,4279,France,120581.0,False
2020-05,4280,Germany,2544466.0,False
2020-05,4330,Austria,0.0,False
2020-05,4351,Czech Republic,21720.0,False
2020-05,7420,Cameroon,35646.0,False
2020-05,4370,Hungary,76043.0,False
2020-05,4419,Switzerland,0.0,False
2020-05,4550,Poland,0.0,False
2020-05,4621,Russia,16128.0,False
2020-05,4634,Kazakhstan,512427.0,False
2020-05,4700,Spain,0.0,False
2020-05,4730,Malta,9850.0,False
2020-05,4759,Italy,1535538.0,False
2020-05,4840,Greece,10100.0,False
2020-05,5081,Israel,1587282.0,False
2020-05,5170,Saudi Arabia,0.0,False
2020-05,5180,Qatar,0.0,False
2020-05,-,Total For All Countries,75627357.0,True
2020-05,0003,European Union,6445749.0,False
2020-05,1XXX,North America,602695.0,False
2020-05,4XXX,Europe,7267726.0,False
2020-05,7XXX,Africa,35646.0,False
2020-05,0014,Pacific Rim Countries,64968590.0,False
2020-05,5XXX,Asia,67262614.0,False
2020-05,0017,Cafta-Dr,221495.0,False
2020-05,6XXX,Australia And Oceania,237181.0,False
2020-05,0020,Usmca (Nafta),602695.0,False
2020-05,0021,Twenty Latin American Republics,769715.0,False
2020-05,0022,Oecd,20588100.0,False
2020-05,0023,Nato,4722726.0,False
2020-05,0024,Lafta,548220.0,False
2020-05,0025,Euro Area,6347986.0,False
2020-05,0026,Apec,66286206.0,False
2020-05,0027,Asean,7564672.0,False
2020-05,0028,Cacm,221495.0,False
2020-05,1220,Canada,54475.0,False
2020-05,2010,Mexico,548220.0,False
2020-05,2230,Costa Rica,221495.0,False
2020-05,2XXX,Central America,221495.0,False
2020-05,3XXX,South America,0.0,False
2020-06,5330,India,276996.0,False
2020-06,5490,Thailand,813104.0,False
2020-06,5520,Vietnam,2636624.0,False
2020-06,5570,Malaysia,9579239.0,False
2020-06,5590,Singapore,3720619.0,False
2020-06,5650,Philippines,2447634.0,False
2020-06,5700,China,42695723.0,False
2020-06,5800,South Korea,8872016.0,False
2020-06,5820,Hong Kong,2871420.0,False
2020-06,5830,Taiwan,17145533.0,False
2020-06,5880,Japan,3680104.0,False
2020-06,6021,Australia,70955.0,False
2020-06,3510,Brazil,0.0,False
2020-06,4010,Sweden,0.0,False
2020-06,4039,Norway,0.0,False
2020-06,4050,Finland,0.0,False
2020-06,4099,Denmark,10700.0,False
2020-06,4120,United Kingdom,181514.0,False
2020-06,4190,Ireland,4148685.0,False
2020-06,4210,Netherlands,271336.0,False
2020-06,4231,Belgium,40000.0,False
2020-06,4279,France,945506.0,False
2020-06,4280,Germany,1762451.0,False
2020-06,4330,Austria,550000.0,False
2020-06,4351,Czech Republic,0.0,False
2020-06,7420,Cameroon,0.0,False
2020-06,4370,Hungary,0.0,False
2020-06,4419,Switzerland,34000.0,False
2020-06,4550,Poland,126000.0,False
2020-06,4621,Russia,0.0,False
2020-06,4634,Kazakhstan,0.0,False
2020-06,4700,Spain,0.0,False
2020-06,4730,Malta,91849.0,False
2020-06,4759,Italy,3353913.0,False
2020-06,4840,Greece,10328.0,False
2020-06,4890,Turkey,64555.0,False
2020-06,5081,Israel,6300184.0,False
2020-06,5170,Saudi Arabia,0.0,False
2020-06,5180,Qatar,0.0,False
2020-06,-,Total For All Countries,113815362.0,True
2020-06,0003,European Union,11310768.0,False
2020-06,1XXX,North America,943830.0,False
2020-06,4XXX,Europe,11590837.0,False
2020-06,7XXX,Africa,0.0,False
2020-06,0014,Pacific Rim Countries,91083243.0,False
2020-06,5XXX,Asia,101039196.0,False
2020-06,0017,Cafta-Dr,170544.0,False
2020-06,6XXX,Australia And Oceania,70955.0,False
2020-06,0020,Usmca (Nafta),943830.0,False
2020-06,0021,Twenty Latin American Republics,1020168.0,False
2020-06,0022,Oecd,31366077.0,False
2020-06,0023,Nato,6860509.0,False
2020-06,0024,Lafta,849624.0,False
2020-06,0025,Euro Area,11174068.0,False
2020-06,0026,Apec,95476801.0,False
2020-06,0027,Asean,19197220.0,False
2020-06,0028,Cacm,170544.0,False
2020-06,1220,Canada,94206.0,False
2020-06,2010,Mexico,849624.0,False
2020-06,2230,Costa Rica,170544.0,False
2020-06,2XXX,Central America,170544.0,False
2020-06,3XXX,South America,0.0,False
2020-07,5330,India,908402.0,False
2020-07,5490,Thailand,320811.0,False
2020-07,5520,Vietnam,22779.0,False
2020-07,5570,Malaysia,4867774.0,False
2020-07,5590,Singapore,3085565.0,False
2020-07,5650,Philippines,3684569.0,False
2020-07,5700,China,24808418.0,False
2020-07,5800,South Korea,17908498.0,False
2020-07,5820,Hong Kong,862809.0,False
2020-07,5830,Taiwan,17698975.0,False
2020-07,5880,Japan,3500014.0,False
2020-07,6021,Australia,19363.0,False
2020-07,3010,Colombia,22355.0,False
2020-07,3510,Brazil,0.0,False
2020-07,4010,Sweden,0.0,False
2020-07,4039,Norway,0.0,False
2020-07,4050,Finland,65000.0,False
2020-07,4099,Denmark,126485.0,False
2020-07,4120,United Kingdom,411667.0,False
2020-07,4190,Ireland,5513169.0,False
2020-07,4210,Netherlands,71868.0,False
2020-07,4231,Belgium,8604.0,False
2020-07,4279,France,207052.0,False
2020-07,4280,Germany,1398560.0,False
2020-07,4330,Austria,33718.0,False
2020-07,4351,Czech Republic,13254.0,False
2020-07,7420,Cameroon,0.0,False
2020-07,4370,Hungary,298662.0,False
2020-07,4419,Switzerland,0.0,False
2020-07,4550,Poland,0.0,False
2020-07,4621,Russia,11292.0,False
2020-07,4634,Kazakhstan,0.0,False
2020-07,4700,Spain,11292.0,False
2020-07,4730,Malta,31901.0,False
2020-07,4759,Italy,2050784.0,False
2020-07,4840,Greece,0.0,False
2020-07,4890,Turkey,0.0,False
2020-07,5081,Israel,3533642.0,False
2020-07,5170,Saudi Arabia,0.0,False
2020-07,5180,Qatar,0.0,False
2020-07,-,Total For All Countries,96022053.0,True
2020-07,0003,European Union,9830349.0,False
2020-07,1XXX,North America,1722530.0,False
2020-07,4XXX,Europe,10253308.0,False
2020-07,7XXX,Africa,0.0,False
2020-07,0014,Pacific Rim Countries,76435985.0,False
2020-07,5XXX,Asia,81202256.0,False
2020-07,0017,Cafta-Dr,2802241.0,False
2020-07,6XXX,Australia And Oceania,19363.0,False
2020-07,0020,Usmca (Nafta),1722530.0,False
2020-07,0021,Twenty Latin American Republics,3906156.0,False
2020-07,0022,Oecd,36894162.0,False
2020-07,0023,Nato,5239198.0,False
2020-07,0024,Lafta,1103915.0,False
2020-07,0025,Euro Area,9391948.0,False
2020-07,0026,Apec,78513397.0,False
2020-07,0027,Asean,11981498.0,False
2020-07,0028,Cacm,2802241.0,False
2020-07,1220,Canada,640970.0,False
2020-07,2010,Mexico,1081560.0,False
2020-07,2230,Costa Rica,2802241.0,False
2020-07,2XXX,Central America,2802241.0,False
2020-07,3XXX,South America,22355.0,False
2020-08,5330,India,149989.0,False
2020-08,5490,Thailand,225447.0,False
2020-08,5520,Vietnam,71159.0,False
2020-08,5570,Malaysia,2486600.0,False
2020-08,5590,Singapore,3461886.0,False
2020-08,5650,Philippines,2877626.0,False
2020-08,5700,China,22084678.0,False
2020-08,5800,South Korea,12608993.0,False
2020-08,5820,Hong Kong,917671.0,False
2020-08,5830,Taiwan,19271019.0,False
2020-08,5880,Japan,5860083.0,False
2020-08,6021,Australia,0.0,False
2020-08,3010,Colombia,0.0,False
2020-08,3330,Peru,9400.0,False
2020-08,3510,Brazil,129500.0,False
2020-08,4010,Sweden,367325.0,False
2020-08,4039,Norway,0.0,False
2020-08,4050,Finland,57120.0,False
2020-08,4099,Denmark,58974.0,False
2020-08,4120,United Kingdom,582416.0,False
2020-08,4190,Ireland,288334.0,False
2020-08,4210,Netherlands,153939.0,False
2020-08,4231,Belgium,0.0,False
2020-08,4279,France,287951.0,False
2020-08,4280,Germany,391173.0,False
2020-08,4330,Austria,8077.0,False
2020-08,4351,Czech Republic,32000.0,False
2020-08,7420,Cameroon,0.0,False
2020-08,4370,Hungary,0.0,False
2020-08,4419,Switzerland,26425.0,False
2020-08,4550,Poland,118424.0,False
2020-08,4621,Russia,69211.0,False
2020-08,4634,Kazakhstan,0.0,False
2020-08,4700,Spain,0.0,False
2020-08,4730,Malta,0.0,False
2020-08,4759,Italy,2210954.0,False
2020-08,4840,Greece,0.0,False
2020-08,4850,Romania,9650.0,False
2020-08,4890,Turkey,0.0,False
2020-08,5081,Israel,2720243.0,False
2020-08,5110,Jordan,8775.0,False
2020-08,5170,Saudi Arabia,0.0,False
2020-08,5180,Qatar,0.0,False
2020-08,-,Total For All Countries,83274517.0,True
2020-08,0003,European Union,3983921.0,False
2020-08,1XXX,North America,1653793.0,False
2020-08,4XXX,Europe,4661973.0,False
2020-08,7XXX,Africa,0.0,False
2020-08,0014,Pacific Rim Countries,69568556.0,False
2020-08,5XXX,Asia,72744169.0,False
2020-08,0017,Cafta-Dr,4075682.0,False
2020-08,6XXX,Australia And Oceania,0.0,False
2020-08,0020,Usmca (Nafta),1653793.0,False
2020-08,0021,Twenty Latin American Republics,5480679.0,False
2020-08,0022,Oecd,27426224.0,False
2020-08,0023,Nato,4233177.0,False
2020-08,0024,Lafta,1404997.0,False
2020-08,0025,Euro Area,3397548.0,False
2020-08,0026,Apec,71597566.0,False
2020-08,0027,Asean,9122718.0,False
2020-08,0028,Cacm,4075682.0,False
2020-08,1220,Canada,387696.0,False
2020-08,2010,Mexico,1266097.0,False
2020-08,2230,Costa Rica,4075682.0,False
2020-08,2XXX,Central America,4075682.0,False
2020-08,3XXX,South America,138900.0,False
2020-10,5330,India,289764.0,False
2020-10,5490,Thailand,847198.0,False
2020-10,5520,Vietnam,97142.0,False
2020-10,5570,Malaysia,2818313.0,False
2020-10,5590,Singapore,2743781.0,False
2020-10,5650,Philippines,1835787.0,False
2020-10,5700,China,17536931.0,False
2020-10,5800,South Korea,10411479.0,False
2020-10,5820,Hong Kong,1194943.0,False
2020-10,5830,Taiwan,19797978.0,False
2020-10,5880,Japan,3987264.0,False
2020-10,6021,Australia,95579.0,False
2020-10,3010,Colombia,0.0,False
2020-10,3310,Ecuador,8748.0,False
2020-10,3330,Peru,0.0,False
2020-10,3510,Brazil,0.0,False
2020-10,4010,Sweden,0.0,False
2020-10,4039,Norway,0.0,False
2020-10,4050,Finland,0.0,False
2020-10,4099,Denmark,129000.0,False
2020-10,4120,United Kingdom,409829.0,False
2020-10,4190,Ireland,2035578.0,False
2020-10,4210,Netherlands,451527.0,False
2020-10,4231,Belgium,0.0,False
2020-10,4279,France,334890.0,False
2020-10,4280,Germany,1002868.0,False
2020-10,4330,Austria,65991.0,False
2020-10,4351,Czech Republic,0.0,False
2020-10,7420,Cameroon,0.0,False
2020-10,4370,Hungary,0.0,False
2020-10,4419,Switzerland,68510.0,False
2020-10,4550,Poland,0.0,False
2020-10,4621,Russia,88323.0,False
2020-10,4634,Kazakhstan,0.0,False
2020-10,4700,Spain,0.0,False
2020-10,4730,Malta,55936.0,False
2020-10,4759,Italy,1537054.0,False
2020-10,4840,Greece,0.0,False
2020-10,4850,Romania,0.0,False
2020-10,4870,Bulgaria,42000.0,False
2020-10,4890,Turkey,13587.0,False
2020-10,5081,Israel,3549946.0,False
2020-10,5110,Jordan,0.0,False
2020-10,5170,Saudi Arabia,33999.0,False
2020-10,5180,Qatar,0.0,False
2020-10,-,Total For All Countries,75371610.0,True
2020-10,0003,European Union,5654844.0,False
2020-10,1XXX,North America,775340.0,False
2020-10,4XXX,Europe,6235093.0,False
2020-10,7XXX,Africa,0.0,False
2020-10,0014,Pacific Rim Countries,60422055.0,False
2020-10,5XXX,Asia,65144525.0,False
2020-10,0017,Cafta-Dr,3112325.0,False
2020-10,6XXX,Australia And Oceania,95579.0,False
2020-10,0020,Usmca (Nafta),775340.0,False
2020-10,0021,Twenty Latin American Republics,3409113.0,False
2020-10,0022,Oecd,24868442.0,False
2020-10,0023,Nato,4408055.0,False
2020-10,0024,Lafta,296788.0,False
2020-10,0025,Euro Area,5483844.0,False
2020-10,0026,Apec,62230058.0,False
2020-10,0027,Asean,8342221.0,False
2020-10,0028,Cacm,3112325.0,False
2020-10,1220,Canada,487300.0,False
2020-10,2010,Mexico,288040.0,False
2020-10,2230,Costa Rica,3112325.0,False
2020-10,2XXX,Central America,3112325.0,False
2020-10,3XXX,South America,8748.0,False
2020-11,5330,India,306234.0,False
2020-11,5490,Thailand,1138272.0,False
2020-11,5520,Vietnam,25227.0,False
2020-11,5570,Malaysia,2934966.0,False
2020-11,5590,Singapore,3173430.0,False
2020-11,5650,Philippines,2570879.0,False
2020-11,5700,China,29271765.0,False
2020-11,5800,South Korea,12606506.0,False
2020-11,5820,Hong Kong,90634.0,False
2020-11,5830,Taiwan,12900207.0,False
2020-11,5880,Japan,4030591.0,False
2020-11,6021,Australia,40875.0,False
2020-11,3010,Colombia,0.0,False
2020-11,3310,Ecuador,0.0,False
2020-11,3330,Peru,0.0,False
2020-11,3370,Chile,28980.0,False
2020-11,3510,Brazil,0.0,False
2020-11,3570,Argentina,9181.0,False
2020-11,4010,Sweden,0.0,False
2020-11,4039,Norway,0.0,False
2020-11,4050,Finland,8000.0,False
2020-11,4099,Denmark,0.0,False
2020-11,4120,United Kingdom,559490.0,False
2020-11,4190,Ireland,2290023.0,False
2020-11,4210,Netherlands,80660.0,False
2020-11,4231,Belgium,0.0,False
2020-11,4279,France,209175.0,False
2020-11,4280,Germany,1016889.0,False
2020-11,4330,Austria,23962.0,False
2020-11,4351,Czech Republic,0.0,False
2020-11,7140,Morocco,29275.0,False
2020-11,7420,Cameroon,0.0,False
2020-11,4370,Hungary,0.0,False
2020-11,4419,Switzerland,0.0,False
2020-11,4550,Poland,150885.0,False
2020-11,4621,Russia,1111309.0,False
2020-11,4634,Kazakhstan,0.0,False
2020-11,4700,Spain,11309.0,False
2020-11,4730,Malta,74950.0,False
2020-11,4759,Italy,3619090.0,False
2020-11,4840,Greece,0.0,False
2020-11,4850,Romania,0.0,False
2020-11,4870,Bulgaria,0.0,False
2020-11,4890,Turkey,41185.0,False
2020-11,5081,Israel,1337202.0,False
2020-11,5110,Jordan,0.0,False
2020-11,5170,Saudi Arabia,0.0,False
2020-11,5180,Qatar,0.0,False
2020-11,-,Total For All Countries,82338492.0,True
2020-11,0003,European Union,7484943.0,False
2020-11,1XXX,North America,385718.0,False
2020-11,4XXX,Europe,9196927.0,False
2020-11,7XXX,Africa,29275.0,False
2020-11,0014,Pacific Rim Countries,67619853.0,False
2020-11,5XXX,Asia,70385913.0,False
2020-11,0017,Cafta-Dr,2261623.0,False
2020-11,6XXX,Australia And Oceania,40875.0,False
2020-11,0020,Usmca (Nafta),385718.0,False
2020-11,0021,Twenty Latin American Republics,2612124.0,False
2020-11,0022,Oecd,26440540.0,False
2020-11,0023,Nato,5762061.0,False
2020-11,0024,Lafta,350501.0,False
2020-11,0025,Euro Area,7334058.0,False
2020-11,0026,Apec,70309359.0,False
2020-11,0027,Asean,9842774.0,False
2020-11,0028,Cacm,2261623.0,False
2020-11,1220,Canada,73378.0,False
2020-11,2010,Mexico,312340.0,False
2020-11,2230,Costa Rica,2261623.0,False
2020-11,2XXX,Central America,2261623.0,False
2020-11,3XXX,South America,38161.0,False
2020-12,5330,India,32023.0,False
2020-12,5490,Thailand,165353.0,False
2020-12,5520,Vietnam,693711.0,False
2020-12,5570,Malaysia,5543751.0,False
2020-12,5590,Singapore,2553544.0,False
2020-12,5650,Philippines,1658035.0,False
2020-12,5700,China,29766635.0,False
2020-12,5800,South Korea,15514892.0,False
2020-12,5820,Hong Kong,328216.0,False
2020-12,5830,Taiwan,22601182.0,False
2020-12,5880,Japan,2525450.0,False
2020-12,6021,Australia,0.0,False
2020-12,3010,Colombia,0.0,False
2020-12,3310,Ecuador,0.0,False
2020-12,3330,Peru,0.0,False
2020-12,3370,Chile,0.0,False
2020-12,3510,Brazil,0.0,False
2020-12,3570,Argentina,0.0,False
2020-12,4010,Sweden,0.0,False
2020-12,4039,Norway,0.0,False
2020-12,4050,Finland,30126.0,False
2020-12,4099,Denmark,0.0,False
2020-12,4120,United Kingdom,554365.0,False
2020-12,4190,Ireland,1110175.0,False
2020-12,4210,Netherlands,98043.0,False
2020-12,4231,Belgium,0.0,False
2020-12,4279,France,119805.0,False
2020-12,4280,Germany,1068310.0,False
2020-12,4330,Austria,28954.0,False
2020-12,4351,Czech Republic,114000.0,False
2020-12,7140,Morocco,0.0,False
2020-12,7420,Cameroon,0.0,False
2020-12,4370,Hungary,0.0,False
2020-12,4419,Switzerland,0.0,False
2020-12,4550,Poland,11309.0,False
2020-12,4621,Russia,0.0,False
2020-12,4634,Kazakhstan,0.0,False
2020-12,4700,Spain,0.0,False
2020-12,4730,Malta,0.0,False
2020-12,4759,Italy,2115098.0,False
2020-12,4840,Greece,0.0,False
2020-12,4850,Romania,0.0,False
2020-12,4870,Bulgaria,0.0,False
2020-12,4890,Turkey,0.0,False
2020-12,5081,Israel,984702.0,False
2020-12,5110,Jordan,0.0,False
2020-12,5170,Saudi Arabia,0.0,False
2020-12,5180,Qatar,0.0,False
2020-12,-,Total For All Countries,88318402.0,True
2020-12,0003,European Union,4695820.0,False
2020-12,1XXX,North America,629081.0,False
2020-12,4XXX,Europe,5250185.0,False
2020-12,7XXX,Africa,0.0,False
2020-12,0014,Pacific Rim Countries,80491705.0,False
2020-12,5XXX,Asia,82367494.0,False
2020-12,0017,Cafta-Dr,71642.0,False
2020-12,6XXX,Australia And Oceania,0.0,False
2020-12,0020,Usmca (Nafta),629081.0,False
2020-12,0021,Twenty Latin American Republics,350725.0,False
2020-12,0022,Oecd,24904310.0,False
2020-12,0023,Nato,4430928.0,False
2020-12,0024,Lafta,279083.0,False
2020-12,0025,Euro Area,4570511.0,False
2020-12,0026,Apec,81979850.0,False
2020-12,0027,Asean,10614394.0,False
2020-12,0028,Cacm,71642.0,False
2020-12,1220,Canada,349998.0,False
2020-12,2010,Mexico,279083.0,False
2020-12,2230,Costa Rica,71642.0,False
2020-12,2XXX,Central America,71642.0,False
2020-12,3XXX,South America,0.0,False
2021-01,5330,India,437733.0,False
2021-01,5490,Thailand,194273.0,False
2021-01,5520,Vietnam,61600.0,False
2021-01,5570,Malaysia,14679044.0,False
2021-01,5590,Singapore,2450890.0,False
2021-01,5650,Philippines,1710428.0,False
2021-01,5700,China,23852816.0,False
2021-01,5800,South Korea,30265425.0,False
2021-01,5820,Hong Kong,2022302.0,False
2021-01,5830,Taiwan,14247649.0,False
2021-01,5880,Japan,10210495.0,False
2021-01,3510,Brazil,15228.0,False
2021-01,4120,United Kingdom,503162.0,False
2021-01,4190,Ireland,619834.0,False
2021-01,4210,Netherlands,76346.0,False
2021-01,4279,France,177659.0,False
2021-01,4280,Germany,902682.0,False
2021-01,4330,Austria,10156.0,False
2021-01,4370,Hungary,56827.0,False
2021-01,4550,Poland,63810.0,False
2021-01,4759,Italy,368539.0,False
2021-01,5081,Israel,379989.0,False
2021-01,-,Total For All Countries,108165060.0,True
2021-01,0003,European Union,2275853.0,False
2021-01,1XXX,North America,2764487.0,False
2021-01,4XXX,Europe,2779015.0,False
2021-01,0014,Pacific Rim Countries,99439049.0,False
2021-01,5XXX,Asia,100512644.0,False
2021-01,0017,Cafta-Dr,2093686.0,False
2021-01,0020,Usmca (Nafta),2764487.0,False
2021-01,0021,Twenty Latin American Republics,4853532.0,False
2021-01,0022,Oecd,46399411.0,False
2021-01,0023,Nato,2168894.0,False
2021-01,0024,Lafta,2759846.0,False
2021-01,0025,Euro Area,2155216.0,False
2021-01,0026,Apec,102459409.0,False
2021-01,0027,Asean,19096235.0,False
2021-01,0028,Cacm,2093686.0,False
2021-01,1220,Canada,19869.0,False
2021-01,2010,Mexico,2744618.0,False
2021-01,2230,Costa Rica,2093686.0,False
2021-01,2XXX,Central America,2093686.0,False
2021-01,3XXX,South America,15228.0,False
2021-02,5330,India,252487.0,False
2021-02,5490,Thailand,375684.0,False
2021-02,5520,Vietnam,76428.0,False
2021-02,5570,Malaysia,12968619.0,False
2021-02,5590,Singapore,2168538.0,False
2021-02,5650,Philippines,1187794.0,False
2021-02,5700,China,13738418.0,False
2021-02,5800,South Korea,11984431.0,False
2021-02,5820,Hong Kong,345048.0,False
2021-02,5830,Taiwan,19332846.0,False
2021-02,5880,Japan,3512741.0,False
2021-02,6141,New Zealand,27800.0,False
2021-02,3510,Brazil,0.0,False
2021-02,3570,Argentina,18080.0,False
2021-02,4099,Denmark,21993.0,False
2021-02,4120,United Kingdom,402687.0,False
2021-02,4190,Ireland,75000.0,False
2021-02,4210,Netherlands,161573.0,False
2021-02,4279,France,171778.0,False
2021-02,4280,Germany,1122408.0,False
2021-02,4330,Austria,11981.0,False
2021-02,4370,Hungary,91319.0,False
2021-02,4419,Switzerland,24266.0,False
2021-02,4550,Poland,40201.0,False
2021-02,4759,Italy,4858892.0,False
2021-02,4870,Bulgaria,21000.0,False
2021-02,5081,Israel,733789.0,False
2021-02,-,Total For All Countries,75853838.0,True
2021-02,0003,European Union,6576145.0,False
2021-02,1XXX,North America,1391477.0,False
2021-02,4XXX,Europe,7003098.0,False
2021-02,0014,Pacific Rim Countries,65266235.0,False
2021-02,5XXX,Asia,66676823.0,False
2021-02,0017,Cafta-Dr,736560.0,False
2021-02,6XXX,Australia And Oceania,27800.0,False
2021-02,0020,Usmca (Nafta),1391477.0,False
2021-02,0021,Twenty Latin American Republics,1821310.0,False
2021-02,0022,Oecd,24632336.0,False
2021-02,0023,Nato,7216658.0,False
2021-02,0024,Lafta,1084750.0,False
2021-02,0025,Euro Area,6401632.0,False
2021-02,0026,Apec,67109824.0,False
2021-02,0027,Asean,16777063.0,False
2021-02,0028,Cacm,736560.0,False
2021-02,1220,Canada,324807.0,False
2021-02,2010,Mexico,1066670.0,False
2021-02,2230,Costa Rica,736560.0,False
2021-02,2XXX,Central America,736560.0,False
2021-02,3XXX,South America,18080.0,False
2021-03,5330,India,883750.0,False
2021-03,5490,Thailand,252348.0,False
2021-03,5520,Vietnam,199500.0,False
2021-03,5570,Malaysia,6714525.0,False
2021-03,5590,Singapore,5677761.0,False
2021-03,5650,Philippines,1413946.0,False
2021-03,5700,China,12806817.0,False
2021-03,5800,South Korea,16740928.0,False
2021-03,5820,Hong Kong,37097.0,False
2021-03,5830,Taiwan,21876534.0,False
2021-03,5880,Japan,4210901.0,False
2021-03,6021,Australia,83580.0,False
2021-03,6141,New Zealand,0.0,False
2021-03,3370,Chile,10956.0,False
2021-03,3510,Brazil,459500.0,False
2021-03,3570,Argentina,0.0,False
2021-03,4010,Sweden,161466.0,False
2021-03,4050,Finland,29707.0,False
2021-03,4099,Denmark,0.0,False
2021-03,4120,United Kingdom,341050.0,False
2021-03,4190,Ireland,72694.0,False
2021-03,4210,Netherlands,2127443.0,False
2021-03,4279,France,382652.0,False
2021-03,4280,Germany,2163268.0,False
2021-03,4330,Austria,0.0,False
2021-03,4351,Czech Republic,23000.0,False
2021-03,4370,Hungary,0.0,False
2021-03,4419,Switzerland,373453.0,False
2021-03,4550,Poland,35100.0,False
2021-03,4621,Russia,146378.0,False
2021-03,4633,Georgia,76034.0,False
2021-03,4759,Italy,3444920.0,False
2021-03,4850,Romania,15221.0,False
2021-03,4870,Bulgaria,0.0,False
2021-03,5081,Israel,4408166.0,False
2021-03,-,Total For All Countries,87886667.0,True
2021-03,0003,European Union,8455471.0,False
2021-03,1XXX,North America,2699077.0,False
2021-03,4XXX,Europe,9392386.0,False
2021-03,0014,Pacific Rim Countries,69562089.0,False
2021-03,5XXX,Asia,75222273.0,False
2021-03,0017,Cafta-Dr,18895.0,False
2021-03,6XXX,Australia And Oceania,83580.0,False
2021-03,0020,Usmca (Nafta),2699077.0,False
2021-03,0021,Twenty Latin American Republics,2913051.0,False
2021-03,0022,Oecd,37308361.0,False
2021-03,0023,Nato,8808031.0,False
2021-03,0024,Lafta,2894156.0,False
2021-03,0025,Euro Area,8220684.0,False
2021-03,0026,Apec,72870348.0,False
2021-03,0027,Asean,14258080.0,False
2021-03,0028,Cacm,18895.0,False
2021-03,1220,Canada,275377.0,False
2021-03,2010,Mexico,2423700.0,False
2021-03,2230,Costa Rica,18895.0,False
2021-03,2XXX,Central America,18895.0,False
2021-03,3XXX,South America,470456.0,False
2021-04,5330,India,323311.0,False
2021-04,5490,Thailand,703354.0,False
2021-04,5520,Vietnam,134047.0,False
2021-04,5570,Malaysia,6821592.0,False
2021-04,5590,Singapore,6345997.0,False
2021-04,5650,Philippines,1393158.0,False
2021-04,5700,China,13990551.0,False
2021-04,5800,South Korea,18283109.0,False
2021-04,5820,Hong Kong,37420.0,False
2021-04,5830,Taiwan,19719564.0,False
2021-04,5880,Japan,1347096.0,False
2021-04,6021,Australia,40875.0,False
2021-04,6141,New Zealand,0.0,False
2021-04,3370,Chile,0.0,False
2021-04,3510,Brazil,57212.0,False
2021-04,3570,Argentina,0.0,False
2021-04,4010,Sweden,0.0,False
2021-04,4050,Finland,0.0,False
2021-04,4099,Denmark,0.0,False
2021-04,4120,United Kingdom,599585.0,False
2021-04,4190,Ireland,2107542.0,False
2021-04,4210,Netherlands,563432.0,False
2021-04,4231,Belgium,74830.0,False
2021-04,4279,France,85048.0,False
2021-04,4280,Germany,651006.0,False
2021-04,4330,Austria,23374.0,False
2021-04,4351,Czech Republic,62358.0,False
2021-04,7290,Egypt,53105.0,False
2021-04,4370,Hungary,22000.0,False
2021-04,4419,Switzerland,37000.0,False
2021-04,4550,Poland,43658.0,False
2021-04,4621,Russia,175530.0,False
2021-04,4633,Georgia,0.0,False
2021-04,4710,Portugal,78000.0,False
2021-04,4759,Italy,2279803.0,False
2021-04,4850,Romania,0.0,False
2021-04,4870,Bulgaria,0.0,False
2021-04,5081,Israel,2014794.0,False
2021-04,5170,Saudi Arabia,21113.0,False
2021-04,-,Total For All Countries,81475481.0,True
2021-04,0003,European Union,5991051.0,False
2021-04,1XXX,North America,2517117.0,False
2021-04,4XXX,Europe,6803166.0,False
2021-04,7XXX,Africa,53105.0,False
2021-04,0014,Pacific Rim Countries,67979362.0,False
2021-04,5XXX,Asia,71135106.0,False
2021-04,0017,Cafta-Dr,868900.0,False
2021-04,6XXX,Australia And Oceania,40875.0,False
2021-04,0020,Usmca (Nafta),2517117.0,False
2021-04,0021,Twenty Latin American Republics,1820192.0,False
2021-04,0022,Oecd,30830627.0,False
2021-04,0023,Nato,6082757.0,False
2021-04,0024,Lafta,951292.0,False
2021-04,0025,Euro Area,5863035.0,False
2021-04,0026,Apec,71509410.0,False
2021-04,0027,Asean,15398148.0,False
2021-04,0028,Cacm,868900.0,False
2021-04,1220,Canada,1623037.0,False
2021-04,2010,Mexico,894080.0,False
2021-04,2230,Costa Rica,868900.0,False
2021-04,2XXX,Central America,868900.0,False
2021-04,3XXX,South America,57212.0,False
2021-05,5330,India,1390617.0,False
2021-05,5490,Thailand,2020192.0,False
2021-05,5520,Vietnam,1573681.0,False
2021-05,5570,Malaysia,7884007.0,False
2021-05,5590,Singapore,3654306.0,False
2021-05,5650,Philippines,2093251.0,False
2021-05,5700,China,28256065.0,False
2021-05,5800,South Korea,19826243.0,False
2021-05,5820,Hong Kong,338631.0,False
2021-05,5830,Taiwan,10791192.0,False
2021-05,5880,Japan,2622605.0,False
2021-05,6021,Australia,54916.0,False
2021-05,6141,New Zealand,0.0,False
2021-05,3370,Chile,0.0,False
2021-05,3510,Brazil,40104.0,False
2021-05,3570,Argentina,0.0,False
2021-05,4010,Sweden,0.0,False
2021-05,4050,Finland,0.0,False
2021-05,4099,Denmark,17990.0,False
2021-05,4120,United Kingdom,764006.0,False
2021-05,4190,Ireland,3575326.0,False
2021-05,4210,Netherlands,584508.0,False
2021-05,4231,Belgium,0.0,False
2021-05,4239,Luxembourg,45645.0,False
2021-05,4279,France,55166.0,False
2021-05,4280,Germany,1150598.0,False
2021-05,4330,Austria,403120.0,False
2021-05,4351,Czech Republic,12900.0,False
2021-05,7290,Egypt,0.0,False
2021-05,4370,Hungary,462464.0,False
2021-05,4419,Switzerland,22188.0,False
2021-05,4510,Lithuania,24062.0,False
2021-05,4550,Poland,111200.0,False
2021-05,4621,Russia,226414.0,False
2021-05,4633,Georgia,0.0,False
2021-05,4710,Portugal,0.0,False
2021-05,4759,Italy,3489363.0,False
2021-05,4850,Romania,0.0,False
2021-05,4870,Bulgaria,0.0,False
2021-05,4890,Turkey,304985.0,False
2021-05,5081,Israel,1970811.0,False
2021-05,5170,Saudi Arabia,48500.0,False
2021-05,-,Total For All Countries,97625185.0,True
2021-05,0003,European Union,9932342.0,False
2021-05,1XXX,North America,1411179.0,False
2021-05,4XXX,Europe,11249935.0,False
2021-05,7XXX,Africa,0.0,False
2021-05,0014,Pacific Rim Countries,75521216.0,False
2021-05,5XXX,Asia,82470101.0,False
2021-05,0017,Cafta-Dr,2398950.0,False
2021-05,6XXX,Australia And Oceania,54916.0,False
2021-05,0020,Usmca (Nafta),1411179.0,False
2021-05,0021,Twenty Latin American Republics,3351198.0,False
2021-05,0022,Oecd,36885213.0,False
2021-05,0023,Nato,7521922.0,False
2021-05,0024,Lafta,952248.0,False
2021-05,0025,Euro Area,9327788.0,False
2021-05,0026,Apec,80752682.0,False
2021-05,0027,Asean,17225437.0,False
2021-05,0028,Cacm,2398950.0,False
2021-05,1220,Canada,499035.0,False
2021-05,2010,Mexico,912144.0,False
2021-05,2230,Costa Rica,2398950.0,False
2021-05,2XXX,Central America,2398950.0,False
2021-05,3XXX,South America,40104.0,False
2021-06,5330,India,212296.0,False
2021-06,5490,Thailand,486692.0,False
2021-06,5520,Vietnam,10950.0,False
2021-06,5570,Malaysia,5047630.0,False
2021-06,5590,Singapore,3876768.0,False
2021-06,5650,Philippines,3680993.0,False
2021-06,5700,China,32516273.0,False
2021-06,5800,South Korea,15950842.0,False
2021-06,5820,Hong Kong,1070684.0,False
2021-06,5830,Taiwan,24727388.0,False
2021-06,5880,Japan,2869656.0,False
2021-06,6021,Australia,51300.0,False
2021-06,6141,New Zealand,0.0,False
2021-06,3370,Chile,0.0,False
2021-06,3510,Brazil,0.0,False
2021-06,3570,Argentina,0.0,False
2021-06,4010,Sweden,0.0,False
2021-06,4050,Finland,71158.0,False
2021-06,4099,Denmark,0.0,False
2021-06,4120,United Kingdom,243303.0,False
2021-06,4190,Ireland,3218354.0,False
2021-06,4210,Netherlands,446507.0,False
2021-06,4231,Belgium,50000.0,False
2021-06,4239,Luxembourg,0.0,False
2021-06,4279,France,307657.0,False
2021-06,4280,Germany,1091943.0,False
2021-06,4330,Austria,0.0,False
2021-06,4351,Czech Republic,416984.0,False
2021-06,7140,Morocco,400000.0,False
2021-06,7290,Egypt,0.0,False
2021-06,4370,Hungary,11178.0,False
2021-06,4419,Switzerland,228488.0,False
2021-06,4510,Lithuania,0.0,False
2021-06,4550,Poland,28386.0,False
2021-06,4621,Russia,161936.0,False
2021-06,4633,Georgia,0.0,False
2021-06,4710,Portugal,0.0,False
2021-06,4759,Italy,1741810.0,False
2021-06,4850,Romania,15500.0,False
2021-06,4870,Bulgaria,0.0,False
2021-06,4890,Turkey,0.0,False
2021-06,5081,Israel,1433032.0,False
2021-06,5170,Saudi Arabia,0.0,False
2021-06,-,Total For All Countries,102806116.0,True
2021-06,0003,European Union,7399477.0,False
2021-06,1XXX,North America,2242611.0,False
2021-06,4XXX,Europe,8033204.0,False
2021-06,7XXX,Africa,400000.0,False
2021-06,0014,Pacific Rim Countries,89791534.0,False
2021-06,5XXX,Asia,91883204.0,False
2021-06,0017,Cafta-Dr,195797.0,False
2021-06,6XXX,Australia And Oceania,51300.0,False
2021-06,0020,Usmca (Nafta),2242611.0,False
2021-06,0021,Twenty Latin American Republics,1865135.0,False
2021-06,0022,Oecd,30403209.0,False
2021-06,0023,Nato,4926541.0,False
2021-06,0024,Lafta,1669338.0,False
2021-06,0025,Euro Area,6927429.0,False
2021-06,0026,Apec,92693723.0,False
2021-06,0027,Asean,13103033.0,False
2021-06,0028,Cacm,195797.0,False
2021-06,1220,Canada,573273.0,False
2021-06,2010,Mexico,1669338.0,False
2021-06,2230,Costa Rica,195797.0,False
2021-06,2XXX,Central America,195797.0,False
2021-06,3XXX,South America,0.0,False
2021-08,5200,United Arab Emirates,22475.0,False
2021-08,5330,India,214873.0,False
2021-08,5490,Thailand,276852.0,False
2021-08,5520,Vietnam,107127.0,False
2021-08,5570,Malaysia,3707391.0,False
2021-08,5590,Singapore,4072018.0,False
2021-08,5650,Philippines,1905683.0,False
2021-08,5700,China,18979309.0,False
2021-08,5800,South Korea,21943626.0,False
2021-08,5820,Hong Kong,1044815.0,False
2021-08,5830,Taiwan,20788215.0,False
2021-08,5880,Japan,3284644.0,False
2021-08,6021,Australia,0.0,False
2021-08,6141,New Zealand,0.0,False
2021-08,3370,Chile,0.0,False
2021-08,3510,Brazil,0.0,False
2021-08,3530,Paraguay,21645.0,False
2021-08,3570,Argentina,0.0,False
2021-08,4010,Sweden,24500.0,False
2021-08,4050,Finland,671028.0,False
2021-08,4099,Denmark,10265.0,False
2021-08,4120,United Kingdom,311201.0,False
2021-08,4190,Ireland,703687.0,False
2021-08,4210,Netherlands,673012.0,False
2021-08,4231,Belgium,100000.0,False
2021-08,4239,Luxembourg,0.0,False
2021-08,4279,France,145207.0,False
2021-08,4280,Germany,1123578.0,False
2021-08,4330,Austria,0.0,False
2021-08,4351,Czech Republic,0.0,False
2021-08,7140,Morocco,0.0,False
2021-08,7290,Egypt,0.0,False
2021-08,7780,Uganda,0.0,False
2021-08,4370,Hungary,0.0,False
2021-08,4419,Switzerland,147500.0,False
2021-08,4510,Lithuania,19845.0,False
2021-08,4550,Poland,98650.0,False
2021-08,4621,Russia,30417.0,False
2021-08,4623,Ukraine,0.0,False
2021-08,4633,Georgia,0.0,False
2021-08,4700,Spain,0.0,False
2021-08,4710,Portugal,0.0,False
2021-08,4759,Italy,4549390.0,False
2021-08,4850,Romania,0.0,False
2021-08,4870,Bulgaria,0.0,False
2021-08,4890,Turkey,0.0,False
2021-08,5081,Israel,611875.0,False
2021-08,5170,Saudi Arabia,30336.0,False
2021-08,-,Total For All Countries,88184525.0,True
2021-08,0003,European Union,8119162.0,False
2021-08,1XXX,North America,2414106.0,False
2021-08,4XXX,Europe,8608280.0,False
2021-08,7XXX,Africa,0.0,False
2021-08,0014,Pacific Rim Countries,75725701.0,False
2021-08,5XXX,Asia,76989239.0,False
2021-08,0017,Cafta-Dr,151255.0,False
2021-08,6XXX,Australia And Oceania,0.0,False
2021-08,0020,Usmca (Nafta),2414106.0,False
2021-08,0021,Twenty Latin American Republics,2505958.0,False
2021-08,0022,Oecd,36812269.0,False
2021-08,0023,Nato,7112196.0,False
2021-08,0024,Lafta,2354703.0,False
2021-08,0025,Euro Area,7985747.0,False
2021-08,0026,Apec,78554203.0,False
2021-08,0027,Asean,10069071.0,False
2021-08,0028,Cacm,151255.0,False
2021-08,1220,Canada,81048.0,False
2021-08,2010,Mexico,2333058.0,False
2021-08,2230,Costa Rica,151255.0,False
2021-08,2470,Dominican Republic,0.0,False
2021-08,2XXX,Central America,151255.0,False
2021-08,3XXX,South America,21645.0,False
2021-09,5200,United Arab Emirates,0.0,False
2021-09,5330,India,2032267.0,False
2021-09,5490,Thailand,1004052.0,False
2021-09,5520,Vietnam,349393.0,False
2021-09,5570,Malaysia,11005393.0,False
2021-09,5590,Singapore,3664590.0,False
2021-09,5650,Philippines,1499389.0,False
2021-09,5700,China,22890633.0,False
2021-09,5800,South Korea,30110270.0,False
2021-09,5820,Hong Kong,948471.0,False
2021-09,5830,Taiwan,15104206.0,False
2021-09,5880,Japan,6277525.0,False
2021-09,6021,Australia,0.0,False
2021-09,6141,New Zealand,0.0,False
2021-09,3370,Chile,0.0,False
2021-09,3510,Brazil,0.0,False
2021-09,3530,Paraguay,0.0,False
2021-09,3570,Argentina,0.0,False
2021-09,4010,Sweden,0.0,False
2021-09,4050,Finland,0.0,False
2021-09,4099,Denmark,18920.0,False
2021-09,4120,United Kingdom,1662338.0,False
2021-09,4190,Ireland,542913.0,False
2021-09,4210,Netherlands,536399.0,False
2021-09,4231,Belgium,51179.0,False
2021-09,4239,Luxembourg,76000.0,False
2021-09,4279,France,207161.0,False
2021-09,4280,Germany,2977340.0,False
2021-09,4330,Austria,373700.0,False
2021-09,4351,Czech Republic,0.0,False
2021-09,7140,Morocco,0.0,False
2021-09,7290,Egypt,0.0,False
2021-09,7780,Uganda,0.0,False
2021-09,4370,Hungary,0.0,False
2021-09,4419,Switzerland,30000.0,False
2021-09,4510,Lithuania,0.0,False
2021-09,4550,Poland,20697.0,False
2021-09,4621,Russia,3464620.0,False
2021-09,4623,Ukraine,0.0,False
2021-09,4633,Georgia,0.0,False
2021-09,4700,Spain,0.0,False
2021-09,4710,Portugal,0.0,False
2021-09,4759,Italy,3331196.0,False
2021-09,4850,Romania,0.0,False
2021-09,4870,Bulgaria,0.0,False
2021-09,4890,Turkey,0.0,False
2021-09,5081,Israel,1179960.0,False
2021-09,5170,Saudi Arabia,0.0,False
2021-09,-,Total For All Countries,111138455.0,True
2021-09,0003,European Union,8135505.0,False
2021-09,1XXX,North America,1716747.0,False
2021-09,4XXX,Europe,13292463.0,False
2021-09,7XXX,Africa,0.0,False
2021-09,0014,Pacific Rim Countries,91500477.0,False
2021-09,5XXX,Asia,96066149.0,False
2021-09,0017,Cafta-Dr,63096.0,False
2021-09,6XXX,Australia And Oceania,0.0,False
2021-09,0020,Usmca (Nafta),1716747.0,False
2021-09,0021,Twenty Latin American Republics,1537795.0,False
2021-09,0022,Oecd,49112345.0,False
2021-09,0023,Nato,9123278.0,False
2021-09,0024,Lafta,1474699.0,False
2021-09,0025,Euro Area,8095888.0,False
2021-09,0026,Apec,98035289.0,False
2021-09,0027,Asean,17522817.0,False
2021-09,0028,Cacm,63096.0,False
2021-09,1220,Canada,242048.0,False
2021-09,2010,Mexico,1474699.0,False
2021-09,2230,Costa Rica,63096.0,False
2021-09,2470,Dominican Republic,0.0,False
2021-09,2XXX,Central America,63096.0,False
2021-09,3XXX,South America,0.0,False
2021-10,5200,United Arab Emirates,0.0,False
2021-10,5330,India,469915.0,False
2021-10,5490,Thailand,850943.0,False
2021-10,5520,Vietnam,10641.0,False
2021-10,5570,Malaysia,4838781.0,False
2021-10,5590,Singapore,3679921.0,False
2021-10,5650,Philippines,4445919.0,False
2021-10,5700,China,25651009.0,False
2021-10,5800,South Korea,22381042.0,False
2021-10,5820,Hong Kong,441917.0,False
2021-10,5830,Taiwan,14999507.0,False
2021-10,5880,Japan,3511485.0,False
2021-10,6021,Australia,57643.0,False
2021-10,6141,New Zealand,0.0,False
2021-10,3370,Chile,0.0,False
2021-10,3510,Brazil,0.0,False
2021-10,3530,Paraguay,0.0,False
2021-10,3570,Argentina,0.0,False
2021-10,4010,Sweden,3355490.0,False
2021-10,4050,Finland,0.0,False
2021-10,4099,Denmark,0.0,False
2021-10,4120,United Kingdom,249323.0,False
2021-10,4190,Ireland,1531947.0,False
2021-10,4210,Netherlands,164861.0,False
2021-10,4231,Belgium,0.0,False
2021-10,4239,Luxembourg,0.0,False
2021-10,4279,France,8960.0,False
2021-10,4280,Germany,1296703.0,False
2021-10,4330,Austria,0.0,False
2021-10,4351,Czech Republic,0.0,False
2021-10,7140,Morocco,0.0,False
2021-10,7290,Egypt,0.0,False
2021-10,7780,Uganda,0.0,False
2021-10,4370,Hungary,79726.0,False
2021-10,4419,Switzerland,527731.0,False
2021-10,4510,Lithuania,0.0,False
2021-10,4550,Poland,68138.0,False
2021-10,4621,Russia,0.0,False
2021-10,4623,Ukraine,112000.0,False
2021-10,4633,Georgia,0.0,False
2021-10,4700,Spain,0.0,False
2021-10,4710,Portugal,0.0,False
2021-10,4759,Italy,2661578.0,False
2021-10,4792,Slovenia,80084.0,False
2021-10,4850,Romania,0.0,False
2021-10,4870,Bulgaria,0.0,False
2021-10,4890,Turkey,0.0,False
2021-10,5081,Israel,2207134.0,False
2021-10,5170,Saudi Arabia,0.0,False
2021-10,-,Total For All Countries,94223981.0,True
2021-10,0003,European Union,9247487.0,False
2021-10,1XXX,North America,531583.0,False
2021-10,4XXX,Europe,10136541.0,False
2021-10,7XXX,Africa,0.0,False
2021-10,0014,Pacific Rim Countries,80007224.0,False
2021-10,5XXX,Asia,83488214.0,False
2021-10,0017,Cafta-Dr,10000.0,False
2021-10,6XXX,Australia And Oceania,57643.0,False
2021-10,0020,Usmca (Nafta),531583.0,False
2021-10,0021,Twenty Latin American Republics,322341.0,False
2021-10,0022,Oecd,38713428.0,False
2021-10,0023,Nato,4828615.0,False
2021-10,0024,Lafta,312341.0,False
2021-10,0025,Euro Area,5744133.0,False
2021-10,0026,Apec,81400391.0,False
2021-10,0027,Asean,13826205.0,False
2021-10,0028,Cacm,10000.0,False
2021-10,1220,Canada,219242.0,False
2021-10,2010,Mexico,312341.0,False
2021-10,2230,Costa Rica,10000.0,False
2021-10,2470,Dominican Republic,0.0,False
2021-10,2XXX,Central America,10000.0,False
2021-10,3XXX,South America,0.0,False
2021-11,5200,United Arab Emirates,0.0,False
2021-11,5330,India,299638.0,False
2021-11,5460,Burma,22015.0,False
2021-11,5490,Thailand,801916.0,False
2021-11,5520,Vietnam,102350.0,False
2021-11,5570,Malaysia,7801644.0,False
2021-11,5590,Singapore,3995284.0,False
2021-11,5650,Philippines,1393886.0,False
2021-11,5700,China,14694516.0,False
2021-11,5800,South Korea,28042931.0,False
2021-11,5820,Hong Kong,631569.0,False
2021-11,5830,Taiwan,16289595.0,False
2021-11,5880,Japan,6239721.0,False
2021-11,6021,Australia,31740.0,False
2021-11,6141,New Zealand,0.0,False
2021-11,3010,Colombia,24403.0,False
2021-11,3370,Chile,0.0,False
2021-11,3510,Brazil,0.0,False
2021-11,3530,Paraguay,0.0,False
2021-11,3570,Argentina,0.0,False
2021-11,4010,Sweden,10000.0,False
2021-11,4050,Finland,0.0,False
2021-11,4099,Denmark,0.0,False
2021-11,4120,United Kingdom,122551.0,False
2021-11,4190,Ireland,976759.0,False
2021-11,4210,Netherlands,1271590.0,False
2021-11,4231,Belgium,0.0,False
2021-11,4239,Luxembourg,0.0,False
2021-11,4279,France,1584702.0,False
2021-11,4280,Germany,918458.0,False
2021-11,4330,Austria,9330.0,False
2021-11,4351,Czech Republic,36000.0,False
2021-11,7140,Morocco,0.0,False
2021-11,7290,Egypt,0.0,False
2021-11,7780,Uganda,0.0,False
2021-11,4370,Hungary,0.0,False
2021-11,4419,Switzerland,10000.0,False
2021-11,4510,Lithuania,0.0,False
2021-11,4550,Poland,30153.0,False
2021-11,4621,Russia,0.0,False
2021-11,4623,Ukraine,0.0,False
2021-11,4633,Georgia,0.0,False
2021-11,4700,Spain,0.0,False
2021-11,4710,Portugal,0.0,False
2021-11,4730,Malta,81500.0,False
2021-11,4759,Italy,4325602.0,False
2021-11,4792,Slovenia,0.0,False
2021-11,4850,Romania,11179.0,False
2021-11,4870,Bulgaria,0.0,False
2021-11,4890,Turkey,69108.0,False
2021-11,5081,Israel,1700185.0,False
2021-11,5170,Saudi Arabia,0.0,False
2021-11,-,Total For All Countries,92686850.0,True
2021-11,0003,European Union,9255273.0,False
2021-11,1XXX,North America,1158525.0,False
2021-11,4XXX,Europe,9456932.0,False
2021-11,7XXX,Africa,0.0,False
2021-11,0014,Pacific Rim Countries,79120886.0,False
2021-11,5XXX,Asia,82015250.0,False
2021-11,0017,Cafta-Dr,0.0,False
2021-11,6XXX,Australia And Oceania,31740.0,False
2021-11,0020,Usmca (Nafta),1158525.0,False
2021-11,0021,Twenty Latin American Republics,937484.0,False
2021-11,0022,Oecd,46537355.0,False
2021-11,0023,Nato,8614787.0,False
2021-11,0024,Lafta,937484.0,False
2021-11,0025,Euro Area,9167941.0,False
2021-11,0026,Apec,81183677.0,False
2021-11,0027,Asean,14117095.0,False
2021-11,0028,Cacm,0.0,False
2021-11,1220,Canada,245444.0,False
2021-11,2010,Mexico,913081.0,False
2021-11,2230,Costa Rica,0.0,False
2021-11,2470,Dominican Republic,0.0,False
2021-11,2XXX,Central America,0.0,False
2021-11,3XXX,South America,24403.0,False
2021-12,5200,United Arab Emirates,33529.0,False
2021-12,5330,India,938762.0,False
2021-12,5460,Burma,0.0,False
2021-12,5490,Thailand,432572.0,False
2021-12,5520,Vietnam,179034.0,False
2021-12,5570,Malaysia,13436840.0,False
2021-12,5590,Singapore,8575326.0,False
2021-12,5650,Philippines,1129641.0,False
2021-12,5700,China,28743579.0,False
2021-12,5800,South Korea,30673849.0,False
2021-12,5820,Hong Kong,555507.0,False
2021-12,5830,Taiwan,25372461.0,False
2021-12,5880,Japan,4006445.0,False
2021-12,6021,Australia,112576.0,False
2021-12,6141,New Zealand,0.0,False
2021-12,3010,Colombia,0.0,False
2021-12,3370,Chile,0.0,False
2021-12,3510,Brazil,12725.0,False
2021-12,3530,Paraguay,0.0,False
2021-12,3570,Argentina,0.0,False
2021-12,4010,Sweden,0.0,False
2021-12,4050,Finland,0.0,False
2021-12,4099,Denmark,43950.0,False
2021-12,4120,United Kingdom,699175.0,False
2021-12,4190,Ireland,267686.0,False
2021-12,4210,Netherlands,443517.0,False
2021-12,4231,Belgium,288000.0,False
2021-12,4239,Luxembourg,0.0,False
2021-12,4279,France,206480.0,False
2021-12,4280,Germany,1687395.0,False
2021-12,4330,Austria,1611215.0,False
2021-12,4351,Czech Republic,18000.0,False
2021-12,7140,Morocco,0.0,False
2021-12,7290,Egypt,135799.0,False
2021-12,7780,Uganda,0.0,False
2021-12,4370,Hungary,0.0,False
2021-12,4419,Switzerland,0.0,False
2021-12,4510,Lithuania,0.0,False
2021-12,4550,Poland,0.0,False
2021-12,4621,Russia,0.0,False
2021-12,4623,Ukraine,0.0,False
2021-12,4633,Georgia,0.0,False
2021-12,4700,Spain,11132.0,False
2021-12,4710,Portugal,0.0,False
2021-12,4730,Malta,0.0,False
2021-12,4759,Italy,7242001.0,False
2021-12,4792,Slovenia,0.0,False
2021-12,4850,Romania,632400.0,False
2021-12,4870,Bulgaria,0.0,False
2021-12,4890,Turkey,0.0,False
2021-12,5081,Israel,1399307.0,False
2021-12,5170,Saudi Arabia,0.0,False
2021-12,-,Total For All Countries,130505346.0,True
2021-12,0003,European Union,12451776.0,False
2021-12,1XXX,North America,1282731.0,False
2021-12,4XXX,Europe,13150951.0,False
2021-12,7XXX,Africa,135799.0,False
2021-12,0014,Pacific Rim Countries,112606224.0,False
2021-12,5XXX,Asia,115476852.0,False
2021-12,0017,Cafta-Dr,333712.0,False
2021-12,6XXX,Australia And Oceania,112576.0,False
2021-12,0020,Usmca (Nafta),1282731.0,False
2021-12,0021,Twenty Latin American Republics,1218126.0,False
2021-12,0022,Oecd,49993459.0,False
2021-12,0023,Nato,11683092.0,False
2021-12,0024,Lafta,884414.0,False
2021-12,0025,Euro Area,11757426.0,False
2021-12,0026,Apec,114500561.0,False
2021-12,0027,Asean,23753413.0,False
2021-12,0028,Cacm,333712.0,False
2021-12,1220,Canada,411042.0,False
2021-12,2010,Mexico,871689.0,False
2021-12,2230,Costa Rica,333712.0,False
2021-12,2470,Dominican Republic,0.0,False
2021-12,2XXX,Central America,333712.0,False
2021-12,3XXX,South America,12725.0,False
2022-01,5330,India,654531.0,False
2022-01,5490,Thailand,753128.0,False
2022-01,5520,Vietnam,187017.0,False
2022-01,5570,Malaysia,12808304.0,False
2022-01,5590,Singapore,8793268.0,False
2022-01,5650,Philippines,1829055.0,False
2022-01,5700,China,23521649.0,False
2022-01,5800,South Korea,9823311.0,False
2022-01,5820,Hong Kong,779096.0,False
2022-01,5830,Taiwan,13448283.0,False
2022-01,5880,Japan,8118615.0,False
2022-01,6021,Australia,112650.0,False
2022-01,2484,Antigua And Barbuda,36730.0,False
2022-01,3120,Guyana,110489.0,False
2022-01,3510,Brazil,8186.0,False
2022-01,4010,Sweden,53570.0,False
2022-01,4099,Denmark,24043.0,False
2022-01,4120,United Kingdom,165473.0,False
2022-01,4190,Ireland,1198654.0,False
2022-01,4210,Netherlands,925790.0,False
2022-01,4279,France,235102.0,False
2022-01,4280,Germany,1125053.0,False
2022-01,4330,Austria,346987.0,False
2022-01,4351,Czech Republic,18770.0,False
2022-01,4419,Switzerland,43510.0,False
2022-01,4700,Spain,9905.0,False
2022-01,4759,Italy,971796.0,False
2022-01,5081,Israel,1756724.0,False
2022-01,5170,Saudi Arabia,40905.0,False
2022-01,-,Total For All Countries,88566311.0,True
2022-01,0003,European Union,4909670.0,False
2022-01,1XXX,North America,485717.0,False
2022-01,4XXX,Europe,5118653.0,False
2022-01,0014,Pacific Rim Countries,79234231.0,False
2022-01,5XXX,Asia,82513886.0,False
2022-01,0017,Cafta-Dr,180000.0,False
2022-01,6XXX,Australia And Oceania,112650.0,False
2022-01,0020,Usmca (Nafta),485717.0,False
2022-01,0021,Twenty Latin American Republics,673903.0,False
2022-01,0022,Oecd,25415670.0,False
2022-01,0023,Nato,3529502.0,False
2022-01,0024,Lafta,493903.0,False
2022-01,0025,Euro Area,4813287.0,False
2022-01,0026,Apec,80660093.0,False
2022-01,0027,Asean,24370772.0,False
2022-01,0028,Cacm,180000.0,False
2022-01,2010,Mexico,485717.0,False
2022-01,2230,Costa Rica,180000.0,False
2022-01,2XXX,Central America,216730.0,False
2022-01,3XXX,South America,118675.0,False
2022-02,5330,India,99941.0,False
2022-02,5490,Thailand,1004827.0,False
2022-02,5520,Vietnam,219356.0,False
2022-02,5570,Malaysia,13872234.0,False
2022-02,5590,Singapore,3816304.0,False
2022-02,5650,Philippines,3478901.0,False
2022-02,5700,China,18096975.0,False
2022-02,5800,South Korea,22480543.0,False
2022-02,5820,Hong Kong,1261027.0,False
2022-02,5830,Taiwan,17229049.0,False
2022-02,5880,Japan,3431665.0,False
2022-02,6021,Australia,84190.0,False
2022-02,2484,Antigua And Barbuda,0.0,False
2022-02,3120,Guyana,0.0,False
2022-02,3510,Brazil,0.0,False
2022-02,4010,Sweden,258213.0,False
2022-02,4099,Denmark,0.0,False
2022-02,4120,United Kingdom,248940.0,False
2022-02,4190,Ireland,1264215.0,False
2022-02,4210,Netherlands,97000.0,False
2022-02,4279,France,946501.0,False
2022-02,4280,Germany,1791323.0,False
2022-02,4330,Austria,0.0,False
2022-02,4351,Czech Republic,0.0,False
2022-02,7290,Egypt,69247.0,False
2022-02,4419,Switzerland,124412.0,False
2022-02,4621,Russia,80196.0,False
2022-02,4623,Ukraine,107886.0,False
2022-02,4700,Spain,0.0,False
2022-02,4759,Italy,2812473.0,False
2022-02,4850,Romania,185723.0,False
2022-02,5081,Israel,2338102.0,False
2022-02,5170,Saudi Arabia,0.0,False
2022-02,-,Total For All Countries,96527795.0,True
2022-02,0003,European Union,7355448.0,False
2022-02,1XXX,North America,1118952.0,False
2022-02,4XXX,Europe,7916882.0,False
2022-02,7XXX,Africa,69247.0,False
2022-02,0014,Pacific Rim Countries,83750888.0,False
2022-02,5XXX,Asia,87328924.0,False
2022-02,0017,Cafta-Dr,9600.0,False
2022-02,6XXX,Australia And Oceania,84190.0,False
2022-02,0020,Usmca (Nafta),1118952.0,False
2022-02,0021,Twenty Latin American Republics,997357.0,False
2022-02,0022,Oecd,36996529.0,False
2022-02,0023,Nato,6471368.0,False
2022-02,0024,Lafta,987757.0,False
2022-02,0025,Euro Area,6911512.0,False
2022-02,0026,Apec,86174219.0,False
2022-02,0027,Asean,22391622.0,False
2022-02,0028,Cacm,9600.0,False
2022-02,1220,Canada,131195.0,False
2022-02,2010,Mexico,987757.0,False
2022-02,2230,Costa Rica,9600.0,False
2022-02,2XXX,Central America,9600.0,False
2022-02,3XXX,South America,0.0,False
2022-03,5330,India,255472.0,False
2022-03,5490,Thailand,389547.0,False
2022-03,5520,Vietnam,265954.0,False
2022-03,5550,Cambodia,64000.0,False
2022-03,5570,Malaysia,14410766.0,False
2022-03,5590,Singapore,10442122.0,False
2022-03,5650,Philippines,1251858.0,False
2022-03,5700,China,28073537.0,False
2022-03,5800,South Korea,26641589.0,False
2022-03,5820,Hong Kong,262672.0,False
2022-03,5830,Taiwan,18473796.0,False
2022-03,5880,Japan,6297151.0,False
2022-03,6021,Australia,26104.0,False
2022-03,2484,Antigua And Barbuda,0.0,False
2022-03,3120,Guyana,0.0,False
2022-03,3510,Brazil,90020.0,False
2022-03,4010,Sweden,0.0,False
2022-03,4039,Norway,22071.0,False
2022-03,4099,Denmark,0.0,False
2022-03,4120,United Kingdom,676789.0,False
2022-03,4190,Ireland,310000.0,False
2022-03,4210,Netherlands,129452.0,False
2022-03,4279,France,239762.0,False
2022-03,4280,Germany,1913340.0,False
2022-03,4330,Austria,0.0,False
2022-03,4351,Czech Republic,910593.0,False
2022-03,7250,Libya,10410.0,False
2022-03,7290,Egypt,0.0,False
2022-03,4419,Switzerland,207975.0,False
2022-03,4621,Russia,0.0,False
2022-03,4623,Ukraine,0.0,False
2022-03,4700,Spain,0.0,False
2022-03,4759,Italy,3394776.0,False
2022-03,4840,Greece,8261.0,False
2022-03,4850,Romania,0.0,False
2022-03,5081,Israel,2607741.0,False
2022-03,5170,Saudi Arabia,0.0,False
2022-03,-,Total For All Countries,120669759.0,True
2022-03,0003,European Union,6906184.0,False
2022-03,1XXX,North America,3294001.0,False
2022-03,4XXX,Europe,7813019.0,False
2022-03,7XXX,Africa,10410.0,False
2022-03,0014,Pacific Rim Countries,105879595.0,False
2022-03,5XXX,Asia,109436205.0,False
2022-03,0017,Cafta-Dr,0.0,False
2022-03,6XXX,Australia And Oceania,26104.0,False
2022-03,0020,Usmca (Nafta),3294001.0,False
2022-03,0021,Twenty Latin American Republics,2811154.0,False
2022-03,0022,Oecd,46679605.0,False
2022-03,0023,Nato,7867911.0,False
2022-03,0024,Lafta,2811154.0,False
2022-03,0025,Euro Area,5995591.0,False
2022-03,0026,Apec,109829097.0,False
2022-03,0027,Asean,26824247.0,False
2022-03,0028,Cacm,0.0,False
2022-03,1220,Canada,572867.0,False
2022-03,2010,Mexico,2721134.0,False
2022-03,2230,Costa Rica,0.0,False
2022-03,2XXX,Central America,0.0,False
2022-03,3XXX,South America,90020.0,False
2022-04,5330,India,262404.0,False
2022-04,5490,Thailand,294653.0,False
2022-04,5520,Vietnam,106968.0,False
2022-04,5550,Cambodia,0.0,False
2022-04,5570,Malaysia,13310057.0,False
2022-04,5590,Singapore,4376451.0,False
2022-04,5650,Philippines,1923960.0,False
2022-04,5700,China,17673341.0,False
2022-04,5800,South Korea,18487691.0,False
2022-04,5820,Hong Kong,909559.0,False
2022-04,5830,Taiwan,17705072.0,False
2022-04,5880,Japan,6340158.0,False
2022-04,6021,Australia,176550.0,False
2022-04,6141,New Zealand,13650.0,False
2022-04,2484,Antigua And Barbuda,0.0,False
2022-04,3010,Colombia,8965.0,False
2022-04,3120,Guyana,0.0,False
2022-04,3510,Brazil,245000.0,False
2022-04,4010,Sweden,117000.0,False
2022-04,4039,Norway,0.0,False
2022-04,4099,Denmark,0.0,False
2022-04,4120,United Kingdom,474662.0,False
2022-04,4190,Ireland,890318.0,False
2022-04,4210,Netherlands,482822.0,False
2022-04,4279,France,417373.0,False
2022-04,4280,Germany,1807948.0,False
2022-04,4330,Austria,73588.0,False
2022-04,4351,Czech Republic,43000.0,False
2022-04,7250,Libya,0.0,False
2022-04,7290,Egypt,0.0,False
2022-04,4370,Hungary,79727.0,False
2022-04,4419,Switzerland,0.0,False
2022-04,4621,Russia,0.0,False
2022-04,4623,Ukraine,0.0,False
2022-04,4700,Spain,0.0,False
2022-04,4759,Italy,5023937.0,False
2022-04,4791,Croatia,60700.0,False
2022-04,4840,Greece,0.0,False
2022-04,4850,Romania,0.0,False
2022-04,5081,Israel,1956342.0,False
2022-04,5170,Saudi Arabia,220410.0,False
2022-04,-,Total For All Countries,94374856.0,True
2022-04,0003,European Union,8996413.0,False
2022-04,1XXX,North America,829281.0,False
2022-04,4XXX,Europe,9471075.0,False
2022-04,7XXX,Africa,0.0,False
2022-04,0014,Pacific Rim Countries,80916489.0,False
2022-04,5XXX,Asia,83567066.0,False
2022-04,0017,Cafta-Dr,63269.0,False
2022-04,6XXX,Australia And Oceania,190200.0,False
2022-04,0020,Usmca (Nafta),829281.0,False
2022-04,0021,Twenty Latin American Republics,896395.0,False
2022-04,0022,Oecd,37214047.0,False
2022-04,0023,Nato,8696589.0,False
2022-04,0024,Lafta,833126.0,False
2022-04,0025,Euro Area,8756686.0,False
2022-04,0026,Apec,82147391.0,False
2022-04,0027,Asean,20012089.0,False
2022-04,0028,Cacm,63269.0,False
2022-04,1220,Canada,250120.0,False
2022-04,2010,Mexico,579161.0,False
2022-04,2230,Costa Rica,63269.0,False
2022-04,2XXX,Central America,63269.0,False
2022-04,3XXX,South America,253965.0,False
2022-05,5330,India,603776.0,False
2022-05,5490,Thailand,200894.0,False
2022-05,5520,Vietnam,206192.0,False
2022-05,5550,Cambodia,0.0,False
2022-05,5570,Malaysia,5945135.0,False
2022-05,5590,Singapore,7049275.0,False
2022-05,5650,Philippines,1087685.0,False
2022-05,5700,China,21016941.0,False
2022-05,5800,South Korea,30719057.0,False
2022-05,5820,Hong Kong,913160.0,False
2022-05,5830,Taiwan,18421079.0,False
2022-05,5880,Japan,4149500.0,False
2022-05,6021,Australia,0.0,False
2022-05,6141,New Zealand,19400.0,False
2022-05,2484,Antigua And Barbuda,0.0,False
2022-05,3010,Colombia,0.0,False
2022-05,3120,Guyana,0.0,False
2022-05,3510,Brazil,0.0,False
2022-05,4010,Sweden,0.0,False
2022-05,4039,Norway,0.0,False
2022-05,4099,Denmark,0.0,False
2022-05,4120,United Kingdom,194155.0,False
2022-05,4190,Ireland,165197.0,False
2022-05,4210,Netherlands,317269.0,False
2022-05,4231,Belgium,385676.0,False
2022-05,4279,France,95611.0,False
2022-05,4280,Germany,1379631.0,False
2022-05,4330,Austria,0.0,False
2022-05,4351,Czech Republic,135835.0,False
2022-05,7250,Libya,0.0,False
2022-05,7290,Egypt,0.0,False
2022-05,4370,Hungary,0.0,False
2022-05,4419,Switzerland,30465.0,False
2022-05,4621,Russia,0.0,False
2022-05,4623,Ukraine,0.0,False
2022-05,4700,Spain,9950.0,False
2022-05,4759,Italy,4649138.0,False
2022-05,4791,Croatia,0.0,False
2022-05,4840,Greece,0.0,False
2022-05,4850,Romania,0.0,False
2022-05,5081,Israel,1994789.0,False
2022-05,5170,Saudi Arabia,146021.0,False
2022-05,5180,Qatar,32108.0,False
2022-05,-,Total For All Countries,100572651.0,True
2022-05,0003,European Union,7138307.0,False
2022-05,1XXX,North America,636468.0,False
2022-05,4XXX,Europe,7362927.0,False
2022-05,7XXX,Africa,0.0,False
2022-05,0014,Pacific Rim Countries,89321232.0,False
2022-05,5XXX,Asia,92485612.0,False
2022-05,0017,Cafta-Dr,68244.0,False
2022-05,6XXX,Australia And Oceania,19400.0,False
2022-05,0020,Usmca (Nafta),636468.0,False
2022-05,0021,Twenty Latin American Republics,542319.0,False
2022-05,0022,Oecd,44882141.0,False
2022-05,0023,Nato,7329658.0,False
2022-05,0024,Lafta,474075.0,False
2022-05,0025,Euro Area,7002472.0,False
2022-05,0026,Apec,90364786.0,False
2022-05,0027,Asean,14489181.0,False
2022-05,0028,Cacm,68244.0,False
2022-05,1220,Canada,162393.0,False
2022-05,2010,Mexico,474075.0,False
2022-05,2230,Costa Rica,68244.0,False
2022-05,2XXX,Central America,68244.0,False
2022-05,3XXX,South America,0.0,False
2022-06,5330,India,579761.0,False
2022-06,5460,Burma,9490.0,False
2022-06,5490,Thailand,1374099.0,False
2022-06,5520,Vietnam,40000.0,False
2022-06,5550,Cambodia,0.0,False
2022-06,5570,Malaysia,3912661.0,False
2022-06,5590,Singapore,7937877.0,False
2022-06,5650,Philippines,3604255.0,False
2022-06,5700,China,29726644.0,False
2022-06,5800,South Korea,13663031.0,False
2022-06,5820,Hong Kong,400593.0,False
2022-06,5830,Taiwan,37930763.0,False
2022-06,5880,Japan,6293010.0,False
2022-06,6021,Australia,19995.0,False
2022-06,6141,New Zealand,0.0,False
2022-06,2484,Antigua And Barbuda,0.0,False
2022-06,3010,Colombia,0.0,False
2022-06,3120,Guyana,0.0,False
2022-06,3510,Brazil,14025.0,False
2022-06,4010,Sweden,230775.0,False
2022-06,4039,Norway,0.0,False
2022-06,4050,Finland,39487.0,False
2022-06,4099,Denmark,20903.0,False
2022-06,4120,United Kingdom,436631.0,False
2022-06,4190,Ireland,685732.0,False
2022-06,4210,Netherlands,317892.0,False
2022-06,4231,Belgium,0.0,False
2022-06,4279,France,469604.0,False
2022-06,4280,Germany,3349545.0,False
2022-06,4330,Austria,27760.0,False
2022-06,4351,Czech Republic,0.0,False
2022-06,7250,Libya,0.0,False
2022-06,7290,Egypt,0.0,False
2022-06,4370,Hungary,0.0,False
2022-06,4419,Switzerland,143122.0,False
2022-06,4550,Poland,27500.0,False
2022-06,4621,Russia,0.0,False
2022-06,4623,Ukraine,0.0,False
2022-06,4700,Spain,0.0,False
2022-06,4759,Italy,6145511.0,False
2022-06,4791,Croatia,0.0,False
2022-06,4840,Greece,0.0,False
2022-06,4850,Romania,0.0,False
2022-06,4890,Turkey,13379.0,False
2022-06,5081,Israel,2693592.0,False
2022-06,5170,Saudi Arabia,0.0,False
2022-06,5180,Qatar,0.0,False
2022-06,-,Total For All Countries,121432537.0,True
2022-06,0003,European Union,11314709.0,False
2022-06,1XXX,North America,1124900.0,False
2022-06,4XXX,Europe,11907841.0,False
2022-06,7XXX,Africa,0.0,False
2022-06,0014,Pacific Rim Countries,103488829.0,False
2022-06,5XXX,Asia,108165776.0,False
2022-06,0017,Cafta-Dr,200000.0,False
2022-06,6XXX,Australia And Oceania,19995.0,False
2022-06,0020,Usmca (Nafta),1124900.0,False
2022-06,0021,Twenty Latin American Republics,1208792.0,False
2022-06,0022,Oecd,35702369.0,False
2022-06,0023,Nato,11181360.0,False
2022-06,0024,Lafta,1008792.0,False
2022-06,0025,Euro Area,11035531.0,False
2022-06,0026,Apec,106027828.0,False
2022-06,0027,Asean,16878382.0,False
2022-06,0028,Cacm,200000.0,False
2022-06,1220,Canada,130133.0,False
2022-06,2010,Mexico,994767.0,False
2022-06,2230,Costa Rica,200000.0,False
2022-06,2XXX,Central America,200000.0,False
2022-06,3XXX,South America,14025.0,False
2022-07,5330,India,685155.0,False
2022-07,5460,Burma,0.0,False
2022-07,5490,Thailand,1036976.0,False
2022-07,5520,Vietnam,304634.0,False
2022-07,5550,Cambodia,0.0,False
2022-07,5570,Malaysia,3132127.0,False
2022-07,5590,Singapore,5159279.0,False
2022-07,5650,Philippines,2434893.0,False
2022-07,5700,China,30473021.0,False
2022-07,5800,South Korea,20839736.0,False
2022-07,5820,Hong Kong,342735.0,False
2022-07,5830,Taiwan,15525939.0,False
2022-07,5880,Japan,4851174.0,False
2022-07,6021,Australia,54180.0,False
2022-07,6141,New Zealand,0.0,False
2022-07,2484,Antigua And Barbuda,0.0,False
2022-07,3010,Colombia,0.0,False
2022-07,3120,Guyana,0.0,False
2022-07,3510,Brazil,0.0,False
2022-07,4010,Sweden,38260.0,False
2022-07,4039,Norway,0.0,False
2022-07,4050,Finland,0.0,False
2022-07,4099,Denmark,72130.0,False
2022-07,4120,United Kingdom,339806.0,False
2022-07,4190,Ireland,398832.0,False
2022-07,4210,Netherlands,573530.0,False
2022-07,4231,Belgium,96000.0,False
2022-07,4279,France,48880.0,False
2022-07,4280,Germany,1741697.0,False
2022-07,4330,Austria,287834.0,False
2022-07,4351,Czech Republic,82430.0,False
2022-07,7250,Libya,0.0,False
2022-07,7290,Egypt,0.0,False
2022-07,4370,Hungary,0.0,False
2022-07,4419,Switzerland,0.0,False
2022-07,4550,Poland,23618.0,False
2022-07,4621,Russia,0.0,False
2022-07,4623,Ukraine,0.0,False
2022-07,4700,Spain,13379.0,False
2022-07,4759,Italy,3986739.0,False
2022-07,4791,Croatia,0.0,False
2022-07,4840,Greece,0.0,False
2022-07,4850,Romania,0.0,False
2022-07,4890,Turkey,9081.0,False
2022-07,5081,Israel,4573501.0,False
2022-07,5170,Saudi Arabia,0.0,False
2022-07,5180,Qatar,0.0,False
2022-07,-,Total For All Countries,98195293.0,True
2022-07,0003,European Union,7363329.0,False
2022-07,1XXX,North America,1020685.0,False
2022-07,4XXX,Europe,7712216.0,False
2022-07,7XXX,Africa,0.0,False
2022-07,0014,Pacific Rim Countries,82813084.0,False
2022-07,5XXX,Asia,89359170.0,False
2022-07,0017,Cafta-Dr,49042.0,False
2022-07,6XXX,Australia And Oceania,54180.0,False
2022-07,0020,Usmca (Nafta),1020685.0,False
2022-07,0021,Twenty Latin American Republics,1069727.0,False
2022-07,0022,Oecd,39051492.0,False
2022-07,0023,Nato,7025550.0,False
2022-07,0024,Lafta,1020685.0,False
2022-07,0025,Euro Area,7146891.0,False
2022-07,0026,Apec,85175379.0,False
2022-07,0027,Asean,12067909.0,False
2022-07,0028,Cacm,49042.0,False
2022-07,1220,Canada,0.0,False
2022-07,2010,Mexico,1020685.0,False
2022-07,2230,Costa Rica,49042.0,False
2022-07,2XXX,Central America,49042.0,False
2022-07,3XXX,South America,0.0,False
2022-08,5330,India,700690.0,False
2022-08,5460,Burma,0.0,False
2022-08,5490,Thailand,1564402.0,False
2022-08,5520,Vietnam,215931.0,False
2022-08,5550,Cambodia,0.0,False
2022-08,5570,Malaysia,4679071.0,False
2022-08,5590,Singapore,4162244.0,False
2022-08,5650,Philippines,1788774.0,False
2022-08,5700,China,29612991.0,False
2022-08,5800,South Korea,30874981.0,False
2022-08,5820,Hong Kong,2526217.0,False
2022-08,5830,Taiwan,14055004.0,False
2022-08,5880,Japan,2603186.0,False
2022-08,6021,Australia,0.0,False
2022-08,6141,New Zealand,0.0,False
2022-08,2484,Antigua And Barbuda,0.0,False
2022-08,3010,Colombia,0.0,False
2022-08,3120,Guyana,0.0,False
2022-08,3510,Brazil,0.0,False
2022-08,4010,Sweden,2236276.0,False
2022-08,4039,Norway,0.0,False
2022-08,4050,Finland,120075.0,False
2022-08,4099,Denmark,253195.0,False
2022-08,4120,United Kingdom,576367.0,False
2022-08,4190,Ireland,228717.0,False
2022-08,4210,Netherlands,540771.0,False
2022-08,4231,Belgium,0.0,False
2022-08,4239,Luxembourg,93000.0,False
2022-08,4279,France,2238173.0,False
2022-08,4280,Germany,1183025.0,False
2022-08,4330,Austria,0.0,False
2022-08,4351,Czech Republic,17538.0,False
2022-08,7250,Libya,0.0,False
2022-08,7290,Egypt,0.0,False
2022-08,4370,Hungary,9725.0,False
2022-08,4419,Switzerland,138411.0,False
2022-08,4550,Poland,13645.0,False
2022-08,4621,Russia,0.0,False
2022-08,4623,Ukraine,0.0,False
2022-08,4700,Spain,0.0,False
2022-08,4759,Italy,3913950.0,False
2022-08,4791,Croatia,0.0,False
2022-08,4840,Greece,0.0,False
2022-08,4850,Romania,0.0,False
2022-08,4890,Turkey,0.0,False
2022-08,5081,Israel,1254385.0,False
2022-08,5170,Saudi Arabia,46243.0,False
2022-08,5180,Qatar,0.0,False
2022-08,-,Total For All Countries,107385064.0,True
2022-08,0003,European Union,10848090.0,False
2022-08,1XXX,North America,1448077.0,False
2022-08,4XXX,Europe,11562868.0,False
2022-08,7XXX,Africa,0.0,False
2022-08,0014,Pacific Rim Countries,90302468.0,False
2022-08,5XXX,Asia,94084119.0,False
2022-08,0017,Cafta-Dr,290000.0,False
2022-08,6XXX,Australia And Oceania,0.0,False
2022-08,0020,Usmca (Nafta),1448077.0,False
2022-08,0021,Twenty Latin American Republics,1738077.0,False
2022-08,0022,Oecd,47743497.0,False
2022-08,0023,Nato,11195740.0,False
2022-08,0024,Lafta,1448077.0,False
2022-08,0025,Euro Area,8317711.0,False
2022-08,0026,Apec,93530878.0,False
2022-08,0027,Asean,12410422.0,False
2022-08,0028,Cacm,290000.0,False
2022-08,1220,Canada,0.0,False
2022-08,2010,Mexico,1448077.0,False
2022-08,2230,Costa Rica,290000.0,False
2022-08,2XXX,Central America,290000.0,False
2022-08,3XXX,South America,0.0,False
2022-09,5330,India,718260.0,False
2022-09,5460,Burma,0.0,False
2022-09,5490,Thailand,562088.0,False
2022-09,5520,Vietnam,267719.0,False
2022-09,5550,Cambodia,0.0,False
2022-09,5570,Malaysia,3157472.0,False
2022-09,5590,Singapore,2765051.0,False
2022-09,5600,Indonesia,280000.0,False
2022-09,5650,Philippines,1621102.0,False
2022-09,5700,China,28272776.0,False
2022-09,5800,South Korea,35375417.0,False
2022-09,5820,Hong Kong,449814.0,False
2022-09,5830,Taiwan,13416594.0,False
2022-09,5880,Japan,2077678.0,False
2022-09,6021,Australia,0.0,False
2022-09,6141,New Zealand,0.0,False
2022-09,2484,Antigua And Barbuda,0.0,False
2022-09,3010,Colombia,0.0,False
2022-09,3120,Guyana,0.0,False
2022-09,3510,Brazil,0.0,False
2022-09,4010,Sweden,30000.0,False
2022-09,4039,Norway,32045.0,False
2022-09,4050,Finland,63950.0,False
2022-09,4099,Denmark,38408.0,False
2022-09,4120,United Kingdom,1940515.0,False
2022-09,4190,Ireland,244695.0,False
2022-09,4210,Netherlands,527460.0,False
2022-09,4231,Belgium,16536.0,False
2022-09,4239,Luxembourg,0.0,False
2022-09,4279,France,608971.0,False
2022-09,4280,Germany,1656220.0,False
2022-09,4330,Austria,0.0,False
2022-09,4351,Czech Republic,460175.0,False
2022-09,7140,Morocco,926085.0,False
2022-09,7250,Libya,0.0,False
2022-09,7290,Egypt,0.0,False
2022-09,4370,Hungary,188333.0,False
2022-09,4419,Switzerland,1130691.0,False
2022-09,4550,Poland,0.0,False
2022-09,4621,Russia,0.0,False
2022-09,4623,Ukraine,0.0,False
2022-09,4634,Kazakhstan,29700.0,False
2022-09,4700,Spain,9929.0,False
2022-09,4759,Italy,4176399.0,False
2022-09,4791,Croatia,0.0,False
2022-09,4840,Greece,11570.0,False
2022-09,4850,Romania,0.0,False
2022-09,4890,Turkey,101010.0,False
2022-09,5081,Israel,779959.0,False
2022-09,5170,Saudi Arabia,0.0,False
2022-09,5180,Qatar,0.0,False
2022-09,-,Total For All Countries,105337516.0,True
2022-09,0003,European Union,8032646.0,False
2022-09,1XXX,North America,2403376.0,False
2022-09,4XXX,Europe,11266607.0,False
2022-09,7XXX,Africa,926085.0,False
2022-09,0014,Pacific Rim Countries,87415904.0,False
2022-09,5XXX,Asia,89743930.0,False
2022-09,0017,Cafta-Dr,997518.0,False
2022-09,6XXX,Australia And Oceania,0.0,False
2022-09,0020,Usmca (Nafta),2403376.0,False
2022-09,0021,Twenty Latin American Republics,2972066.0,False
2022-09,0022,Oecd,51873337.0,False
2022-09,0023,Nato,10290349.0,False
2022-09,0024,Lafta,1974548.0,False
2022-09,0025,Euro Area,7315730.0,False
2022-09,0026,Apec,90649087.0,False
2022-09,0027,Asean,8653432.0,False
2022-09,0028,Cacm,997518.0,False
2022-09,1220,Canada,428828.0,False
2022-09,2010,Mexico,1974548.0,False
2022-09,2230,Costa Rica,997518.0,False
2022-09,2XXX,Central America,997518.0,False
2022-09,3XXX,South America,0.0,False
2022-10,5330,India,1151797.0,False
2022-10,5460,Burma,0.0,False
2022-10,5490,Thailand,1323613.0,False
2022-10,5520,Vietnam,87236.0,False
2022-10,5550,Cambodia,66600.0,False
2022-10,5570,Malaysia,9584571.0,False
2022-10,5590,Singapore,4963847.0,False
2022-10,5600,Indonesia,0.0,False
2022-10,5650,Philippines,1898535.0,False
2022-10,5700,China,34713949.0,False
2022-10,5800,South Korea,22714729.0,False
2022-10,5820,Hong Kong,1034842.0,False
2022-10,5830,Taiwan,13724965.0,False
2022-10,5880,Japan,5744793.0,False
2022-10,6021,Australia,0.0,False
2022-10,6141,New Zealand,0.0,False
2022-10,2484,Antigua And Barbuda,0.0,False
2022-10,3010,Colombia,0.0,False
2022-10,3120,Guyana,0.0,False
2022-10,3510,Brazil,0.0,False
2022-10,4010,Sweden,135000.0,False
2022-10,4039,Norway,0.0,False
2022-10,4050,Finland,28895.0,False
2022-10,4099,Denmark,78223.0,False
2022-10,4120,United Kingdom,49785.0,False
2022-10,4190,Ireland,853496.0,False
2022-10,4210,Netherlands,223594.0,False
2022-10,4231,Belgium,22247.0,False
2022-10,4239,Luxembourg,0.0,False
2022-10,4279,France,493132.0,False
2022-10,4280,Germany,6844472.0,False
2022-10,4330,Austria,330760.0,False
2022-10,4351,Czech Republic,172000.0,False
2022-10,7140,Morocco,0.0,False
2022-10,7250,Libya,0.0,False
2022-10,7290,Egypt,0.0,False
2022-10,4370,Hungary,39449.0,False
2022-10,4419,Switzerland,178298.0,False
2022-10,4550,Poland,0.0,False
2022-10,4621,Russia,0.0,False
2022-10,4623,Ukraine,0.0,False
2022-10,4634,Kazakhstan,0.0,False
2022-10,4700,Spain,0.0,False
2022-10,4759,Italy,8737702.0,False
2022-10,4791,Croatia,0.0,False
2022-10,4840,Greece,0.0,False
2022-10,4850,Romania,916785.0,False
2022-10,4890,Turkey,0.0,False
2022-10,5081,Israel,846955.0,False
2022-10,5170,Saudi Arabia,0.0,False
2022-10,5180,Qatar,0.0,False
2022-10,-,Total For All Countries,119584765.0,True
2022-10,0003,European Union,18875755.0,False
2022-10,1XXX,North America,1816297.0,False
2022-10,4XXX,Europe,19103838.0,False
2022-10,7XXX,Africa,0.0,False
2022-10,0014,Pacific Rim Countries,94380231.0,False
2022-10,5XXX,Asia,97856432.0,False
2022-10,0017,Cafta-Dr,808198.0,False
2022-10,6XXX,Australia And Oceania,0.0,False
2022-10,0020,Usmca (Nafta),1816297.0,False
2022-10,0021,Twenty Latin American Republics,2149165.0,False
2022-10,0022,Oecd,49309827.0,False
2022-10,0023,Nato,18216614.0,False
2022-10,0024,Lafta,1340967.0,False
2022-10,0025,Euro Area,17534298.0,False
2022-10,0026,Apec,97607377.0,False
2022-10,0027,Asean,17924402.0,False
2022-10,0028,Cacm,808198.0,False
2022-10,1220,Canada,475330.0,False
2022-10,2010,Mexico,1340967.0,False
2022-10,2230,Costa Rica,808198.0,False
2022-10,2XXX,Central America,808198.0,False
2022-10,3XXX,South America,0.0,False
2022-11,5330,India,186719.0,False
2022-11,5460,Burma,0.0,False
2022-11,5490,Thailand,2366174.0,False
2022-11,5520,Vietnam,252378.0,False
2022-11,5550,Cambodia,0.0,False
2022-11,5570,Malaysia,8840667.0,False
2022-11,5590,Singapore,5533705.0,False
2022-11,5600,Indonesia,0.0,False
2022-11,5650,Philippines,2393704.0,False
2022-11,5700,China,17281073.0,False
2022-11,5800,South Korea,11161823.0,False
2022-11,5820,Hong Kong,1599370.0,False
2022-11,5830,Taiwan,11416706.0,False
2022-11,5880,Japan,3438554.0,False
2022-11,6021,Australia,0.0,False
2022-11,6141,New Zealand,0.0,False
2022-11,2484,Antigua And Barbuda,0.0,False
2022-11,3010,Colombia,0.0,False
2022-11,3120,Guyana,0.0,False
2022-11,3510,Brazil,0.0,False
2022-11,4010,Sweden,0.0,False
2022-11,4039,Norway,0.0,False
2022-11,4050,Finland,15000.0,False
2022-11,4099,Denmark,0.0,False
2022-11,4120,United Kingdom,909135.0,False
2022-11,4190,Ireland,560552.0,False
2022-11,4210,Netherlands,196282.0,False
2022-11,4231,Belgium,0.0,False
2022-11,4239,Luxembourg,0.0,False
2022-11,4279,France,194251.0,False
2022-11,4280,Germany,5657426.0,False
2022-11,4330,Austria,146832.0,False
2022-11,4351,Czech Republic,0.0,False
2022-11,7140,Morocco,0.0,False
2022-11,7230,Tunisia,16152.0,False
2022-11,7250,Libya,0.0,False
2022-11,7290,Egypt,0.0,False
2022-11,4359,Slovakia,65117.0,False
2022-11,4370,Hungary,153611.0,False
2022-11,4419,Switzerland,0.0,False
2022-11,4550,Poland,0.0,False
2022-11,4621,Russia,0.0,False
2022-11,4623,Ukraine,0.0,False
2022-11,4634,Kazakhstan,0.0,False
2022-11,4700,Spain,116925.0,False
2022-11,4759,Italy,4119226.0,False
2022-11,4791,Croatia,0.0,False
2022-11,4840,Greece,0.0,False
2022-11,4850,Romania,0.0,False
2022-11,4890,Turkey,8317.0,False
2022-11,5081,Israel,540056.0,False
2022-11,5170,Saudi Arabia,0.0,False
2022-11,5180,Qatar,0.0,False
2022-11,-,Total For All Countries,79091725.0,True
2022-11,0003,European Union,11225222.0,False
2022-11,1XXX,North America,1869120.0,False
2022-11,4XXX,Europe,12142674.0,False
2022-11,7XXX,Africa,69002.0,False
2022-11,0014,Pacific Rim Countries,61665602.0,False
2022-11,5XXX,Asia,65010929.0,False
2022-11,0017,Cafta-Dr,0.0,False
2022-11,6XXX,Australia And Oceania,0.0,False
2022-11,0020,Usmca (Nafta),1869120.0,False
2022-11,0021,Twenty Latin American Republics,834623.0,False
2022-11,0022,Oecd,29152227.0,False
2022-11,0023,Nato,12469787.0,False
2022-11,0024,Lafta,834623.0,False
2022-11,0025,Euro Area,11071611.0,False
2022-11,0026,Apec,66153274.0,False
2022-11,0027,Asean,19386628.0,False
2022-11,0028,Cacm,0.0,False
2022-11,1220,Canada,1034497.0,False
2022-11,2010,Mexico,834623.0,False
2022-11,2230,Costa Rica,0.0,False
2022-11,7910,South Africa,52850.0,False
2022-11,2XXX,Central America,0.0,False
2022-11,3XXX,South America,0.0,False
2022-12,5200,United Arab Emirates,92901.0,False
2022-12,5330,India,846817.0,False
2022-12,5460,Burma,0.0,False
2022-12,5490,Thailand,900263.0,False
2022-12,5520,Vietnam,102037.0,False
2022-12,5550,Cambodia,0.0,False
2022-12,5570,Malaysia,3259649.0,False
2022-12,5590,Singapore,4345360.0,False
2022-12,5600,Indonesia,0.0,False
2022-12,5650,Philippines,1488432.0,False
2022-12,5700,China,41686298.0,False
2022-12,5800,South Korea,22297227.0,False
2022-12,5820,Hong Kong,812993.0,False
2022-12,5830,Taiwan,19418951.0,False
2022-12,5880,Japan,7741131.0,False
2022-12,6021,Australia,42278.0,False
2022-12,6141,New Zealand,0.0,False
2022-12,2484,Antigua And Barbuda,0.0,False
2022-12,3010,Colombia,0.0,False
2022-12,3120,Guyana,0.0,False
2022-12,3510,Brazil,0.0,False
2022-12,3570,Argentina,149736.0,False
2022-12,4010,Sweden,0.0,False
2022-12,4039,Norway,0.0,False
2022-12,4050,Finland,124150.0,False
2022-12,4099,Denmark,10600.0,False
2022-12,4120,United Kingdom,185775.0,False
2022-12,4190,Ireland,350880.0,False
2022-12,4210,Netherlands,390519.0,False
2022-12,4231,Belgium,223958.0,False
2022-12,4239,Luxembourg,0.0,False
2022-12,4279,France,3687406.0,False
2022-12,4280,Germany,1716854.0,False
2022-12,4330,Austria,43290.0,False
2022-12,4351,Czech Republic,0.0,False
2022-12,7140,Morocco,203582.0,False
2022-12,7230,Tunisia,0.0,False
2022-12,7250,Libya,0.0,False
2022-12,7290,Egypt,0.0,False
2022-12,4359,Slovakia,0.0,False
2022-12,4370,Hungary,0.0,False
2022-12,4419,Switzerland,0.0,False
2022-12,4550,Poland,302744.0,False
2022-12,4621,Russia,0.0,False
2022-12,4623,Ukraine,0.0,False
2022-12,4634,Kazakhstan,0.0,False
2022-12,4700,Spain,0.0,False
2022-12,4759,Italy,3847068.0,False
2022-12,4791,Croatia,0.0,False
2022-12,4840,Greece,0.0,False
2022-12,4850,Romania,0.0,False
2022-12,4890,Turkey,207047.0,False
2022-12,5081,Israel,451405.0,False
2022-12,5170,Saudi Arabia,24380.0,False
2022-12,5180,Qatar,0.0,False
2022-12,-,Total For All Countries,117455976.0,True
2022-12,0003,European Union,10697469.0,False
2022-12,1XXX,North America,2502245.0,False
2022-12,4XXX,Europe,11090291.0,False
2022-12,7XXX,Africa,203582.0,False
2022-12,0014,Pacific Rim Countries,101092319.0,False
2022-12,5XXX,Asia,103467844.0,False
2022-12,0017,Cafta-Dr,0.0,False
2022-12,6XXX,Australia And Oceania,42278.0,False
2022-12,0020,Usmca (Nafta),2502245.0,False
2022-12,0021,Twenty Latin American Republics,2136646.0,False
2022-12,0022,Oecd,44124577.0,False
2022-12,0023,Nato,11211456.0,False
2022-12,0024,Lafta,2136646.0,False
2022-12,0025,Euro Area,10384125.0,False
2022-12,0026,Apec,104596864.0,False
2022-12,0027,Asean,10095741.0,False
2022-12,0028,Cacm,0.0,False
2022-12,1220,Canada,515335.0,False
2022-12,2010,Mexico,1986910.0,False
2022-12,2230,Costa Rica,0.0,False
2022-12,7910,South Africa,0.0,False
2022-12,2XXX,Central America,0.0,False
2022-12,3XXX,South America,149736.0,False
2023-01,5330,India,849082.0,False
2023-01,5490,Thailand,317728.0,False
2023-01,5520,Vietnam,142648.0,False
2023-01,5570,Malaysia,8576686.0,False
2023-01,5590,Singapore,2523815.0,False
2023-01,5650,Philippines,2526400.0,False
2023-01,5700,China,24049378.0,False
2023-01,5800,South Korea,16626416.0,False
2023-01,5820,Hong Kong,492605.0,False
2023-01,5830,Taiwan,9579964.0,False
2023-01,5880,Japan,7642651.0,False
2023-01,3510,Brazil,9800.0,False
2023-01,4050,Finland,785000.0,False
2023-01,4099,Denmark,88188.0,False
2023-01,4120,United Kingdom,379433.0,False
2023-01,4190,Ireland,395512.0,False
2023-01,4210,Netherlands,141193.0,False
2023-01,4279,France,1227043.0,False
2023-01,4280,Germany,2415985.0,False
2023-01,4330,Austria,26199.0,False
2023-01,4419,Switzerland,53421.0,False
2023-01,4550,Poland,14408.0,False
2023-01,4759,Italy,2311246.0,False
2023-01,4840,Greece,10926.0,False
2023-01,4890,Turkey,36300.0,False
2023-01,5081,Israel,538331.0,False
2023-01,5170,Saudi Arabia,60288.0,False
2023-01,-,Total For All Countries,83514447.0,True
2023-01,0003,European Union,7415700.0,False
2023-01,1XXX,North America,1672211.0,False
2023-01,4XXX,Europe,7884854.0,False
2023-01,7XXX,Africa,21590.0,False
2023-01,0014,Pacific Rim Countries,72017915.0,False
2023-01,5XXX,Asia,73925992.0,False
2023-01,0020,Usmca (Nafta),1672211.0,False
2023-01,0021,Twenty Latin American Republics,1682011.0,False
2023-01,0022,Oecd,34364463.0,False
2023-01,0023,Nato,7409722.0,False
2023-01,0024,Lafta,1682011.0,False
2023-01,0025,Euro Area,7313104.0,False
2023-01,0026,Apec,74150502.0,False
2023-01,0027,Asean,14087277.0,False
2023-01,2010,Mexico,1672211.0,False
2023-01,7910,South Africa,21590.0,False
2023-01,3XXX,South America,9800.0,False
2023-02,5330,India,937506.0,False
2023-02,5490,Thailand,359159.0,False
2023-02,5520,Vietnam,738638.0,False
2023-02,5570,Malaysia,5023195.0,False
2023-02,5590,Singapore,2583978.0,False
2023-02,5650,Philippines,2126854.0,False
2023-02,5700,China,18409119.0,False
2023-02,5800,South Korea,19742724.0,False
2023-02,5820,Hong Kong,53140.0,False
2023-02,5830,Taiwan,8108754.0,False
2023-02,5880,Japan,6837068.0,False
2023-02,6021,Australia,42278.0,False
2023-02,3510,Brazil,0.0,False
2023-02,4010,Sweden,230775.0,False
2023-02,4050,Finland,0.0,False
2023-02,4099,Denmark,0.0,False
2023-02,4120,United Kingdom,588169.0,False
2023-02,4190,Ireland,3474010.0,False
2023-02,4210,Netherlands,342912.0,False
2023-02,4279,France,110660.0,False
2023-02,4280,Germany,2233014.0,False
2023-02,4330,Austria,24001.0,False
2023-02,7140,Morocco,36313.0,False
2023-02,4370,Hungary,153611.0,False
2023-02,4419,Switzerland,56354.0,False
2023-02,4550,Poland,11435.0,False
2023-02,4700,Spain,41758.0,False
2023-02,4710,Portugal,159422.0,False
2023-02,4759,Italy,981752.0,False
2023-02,4840,Greece,0.0,False
2023-02,4890,Turkey,0.0,False
2023-02,5081,Israel,1219760.0,False
2023-02,5170,Saudi Arabia,0.0,False
2023-02,-,Total For All Countries,76448070.0,True
2023-02,0003,European Union,7763350.0,False
2023-02,1XXX,North America,1797841.0,False
2023-02,4XXX,Europe,8407873.0,False
2023-02,7XXX,Africa,36313.0,False
2023-02,0014,Pacific Rim Countries,62927110.0,False
2023-02,5XXX,Asia,66139895.0,False
2023-02,0017,Cafta-Dr,13043.0,False
2023-02,6XXX,Australia And Oceania,42278.0,False
2023-02,0020,Usmca (Nafta),1797841.0,False
2023-02,0021,Twenty Latin American Republics,877685.0,False
2023-02,0022,Oecd,38060587.0,False
2023-02,0023,Nato,5797534.0,False
2023-02,0024,Lafta,853815.0,False
2023-02,0025,Euro Area,7367529.0,False
2023-02,0026,Apec,65822748.0,False
2023-02,0027,Asean,10831824.0,False
2023-02,0028,Cacm,13043.0,False
2023-02,1220,Canada,944026.0,False
2023-02,2010,Mexico,853815.0,False
2023-02,2230,Costa Rica,13043.0,False
2023-02,2250,Panama,10827.0,False
2023-02,7910,South Africa,0.0,False
2023-02,2XXX,Central America,23870.0,False
2023-02,3XXX,South America,0.0,False
2023-03,5330,India,841968.0,False
2023-03,5490,Thailand,1222176.0,False
2023-03,5520,Vietnam,745841.0,False
2023-03,5570,Malaysia,1370897.0,False
2023-03,5590,Singapore,3754196.0,False
2023-03,5650,Philippines,2543138.0,False
2023-03,5700,China,21585337.0,False
2023-03,5800,South Korea,15205470.0,False
2023-03,5820,Hong Kong,2344195.0,False
2023-03,5830,Taiwan,11948023.0,False
2023-03,5880,Japan,2482815.0,False
2023-03,6021,Australia,0.0,False
2023-03,6141,New Zealand,499995.0,False
2023-03,3510,Brazil,28710.0,False
2023-03,3570,Argentina,104000.0,False
2023-03,4010,Sweden,0.0,False
2023-03,4050,Finland,110104.0,False
2023-03,4099,Denmark,49470.0,False
2023-03,4120,United Kingdom,695164.0,False
2023-03,4190,Ireland,4493479.0,False
2023-03,4210,Netherlands,144122.0,False
2023-03,4279,France,841949.0,False
2023-03,4280,Germany,1953106.0,False
2023-03,4330,Austria,12542.0,False
2023-03,4351,Czech Republic,902000.0,False
2023-03,7140,Morocco,0.0,False
2023-03,4370,Hungary,19395.0,False
2023-03,4419,Switzerland,0.0,False
2023-03,4550,Poland,12948.0,False
2023-03,4700,Spain,48196.0,False
2023-03,4710,Portugal,0.0,False
2023-03,4759,Italy,3356802.0,False
2023-03,4801,Serbia,29953.0,False
2023-03,4840,Greece,0.0,False
2023-03,4850,Romania,70882.0,False
2023-03,4890,Turkey,14317.0,False
2023-03,5081,Israel,9851517.0,False
2023-03,5170,Saudi Arabia,0.0,False
2023-03,5180,Qatar,204435.0,False
2023-03,-,Total For All Countries,89653386.0,True
2023-03,0003,European Union,12014995.0,False
2023-03,1XXX,North America,2166244.0,False
2023-03,4XXX,Europe,12754429.0,False
2023-03,7XXX,Africa,0.0,False
2023-03,0014,Pacific Rim Countries,61734066.0,False
2023-03,5XXX,Asia,74100008.0,False
2023-03,0017,Cafta-Dr,0.0,False
2023-03,6XXX,Australia And Oceania,499995.0,False
2023-03,0020,Usmca (Nafta),2166244.0,False
2023-03,0021,Twenty Latin American Republics,1677660.0,False
2023-03,0022,Oecd,42859635.0,False
2023-03,0023,Nato,8839749.0,False
2023-03,0024,Lafta,1677660.0,False
2023-03,0025,Euro Area,10960300.0,False
2023-03,0026,Apec,65868327.0,False
2023-03,0027,Asean,9636248.0,False
2023-03,0028,Cacm,0.0,False
2023-03,1220,Canada,621294.0,False
2023-03,2010,Mexico,1544950.0,False
2023-03,2230,Costa Rica,0.0,False
2023-03,2250,Panama,0.0,False
2023-03,7910,South Africa,0.0,False
2023-03,2XXX,Central America,0.0,False
2023-03,3XXX,South America,132710.0,False
2023-04,5330,India,2796943.0,False
2023-04,5490,Thailand,792400.0,False
2023-04,5520,Vietnam,91764.0,False
2023-04,5570,Malaysia,2712116.0,False
2023-04,5590,Singapore,2365249.0,False
2023-04,5650,Philippines,2601044.0,False
2023-04,5700,China,23901534.0,False
2023-04,5800,South Korea,18465406.0,False
2023-04,5820,Hong Kong,1122629.0,False
2023-04,5830,Taiwan,9684161.0,False
2023-04,5880,Japan,4896348.0,False
2023-04,6021,Australia,0.0,False
2023-04,6141,New Zealand,16000.0,False
2023-04,3510,Brazil,0.0,False
2023-04,3570,Argentina,0.0,False
2023-04,4010,Sweden,357739.0,False
2023-04,4050,Finland,841000.0,False
2023-04,4099,Denmark,0.0,False
2023-04,4120,United Kingdom,106822.0,False
2023-04,4190,Ireland,881874.0,False
2023-04,4210,Netherlands,135762.0,False
2023-04,4231,Belgium,71926.0,False
2023-04,4239,Luxembourg,97650.0,False
2023-04,4279,France,319878.0,False
2023-04,4280,Germany,1337378.0,False
2023-04,4330,Austria,0.0,False
2023-04,4351,Czech Republic,0.0,False
2023-04,7140,Morocco,0.0,False
2023-04,4370,Hungary,341044.0,False
2023-04,4419,Switzerland,46999.0,False
2023-04,4550,Poland,325801.0,False
2023-04,4635,Kyrgyzstan,110590.0,False
2023-04,4700,Spain,18046.0,False
2023-04,4710,Portugal,0.0,False
2023-04,4759,Italy,2623181.0,False
2023-04,4801,Serbia,0.0,False
2023-04,4840,Greece,0.0,False
2023-04,4850,Romania,0.0,False
2023-04,4890,Turkey,0.0,False
2023-04,5081,Israel,1563062.0,False
2023-04,5170,Saudi Arabia,0.0,False
2023-04,5180,Qatar,0.0,False
2023-04,-,Total For All Countries,81794144.0,True
2023-04,0003,European Union,7351279.0,False
2023-04,1XXX,North America,3169798.0,False
2023-04,4XXX,Europe,7615690.0,False
2023-04,7XXX,Africa,0.0,False
2023-04,0014,Pacific Rim Countries,65764487.0,False
2023-04,5XXX,Asia,70992656.0,False
2023-04,0017,Cafta-Dr,0.0,False
2023-04,6XXX,Australia And Oceania,16000.0,False
2023-04,0020,Usmca (Nafta),3169798.0,False
2023-04,0021,Twenty Latin American Republics,592373.0,False
2023-04,0022,Oecd,35615714.0,False
2023-04,0023,Nato,9153652.0,False
2023-04,0024,Lafta,592373.0,False
2023-04,0025,Euro Area,6326695.0,False
2023-04,0026,Apec,69818449.0,False
2023-04,0027,Asean,8562573.0,False
2023-04,0028,Cacm,0.0,False
2023-04,1220,Canada,2577425.0,False
2023-04,2010,Mexico,592373.0,False
2023-04,2230,Costa Rica,0.0,False
2023-04,2250,Panama,0.0,False
2023-04,7910,South Africa,0.0,False
2023-04,2XXX,Central America,0.0,False
2023-04,3XXX,South America,0.0,False
2023-05,5330,India,657815.0,False
2023-05,5490,Thailand,866601.0,False
2023-05,5520,Vietnam,659220.0,False
2023-05,5550,Cambodia,63500.0,False
2023-05,5570,Malaysia,4497672.0,False
2023-05,5590,Singapore,5570506.0,False
2023-05,5650,Philippines,2446181.0,False
2023-05,5700,China,33630800.0,False
2023-05,5800,South Korea,24456872.0,False
2023-05,5820,Hong Kong,284248.0,False
2023-05,5830,Taiwan,5951285.0,False
2023-05,5880,Japan,2172124.0,False
2023-05,6021,Australia,59275.0,False
2023-05,6141,New Zealand,0.0,False
2023-05,3510,Brazil,489375.0,False
2023-05,3570,Argentina,0.0,False
2023-05,4010,Sweden,10000.0,False
2023-05,4050,Finland,293000.0,False
2023-05,4099,Denmark,0.0,False
2023-05,4120,United Kingdom,2466081.0,False
2023-05,4190,Ireland,163739.0,False
2023-05,4210,Netherlands,367409.0,False
2023-05,4231,Belgium,0.0,False
2023-05,4239,Luxembourg,0.0,False
2023-05,4279,France,2005059.0,False
2023-05,4280,Germany,2567714.0,False
2023-05,4330,Austria,29953.0,False
2023-05,4351,Czech Republic,20000.0,False
2023-05,7140,Morocco,0.0,False
2023-05,7770,Djibouti,15700.0,False
2023-05,4370,Hungary,0.0,False
2023-05,4419,Switzerland,0.0,False
2023-05,4510,Lithuania,29507.0,False
2023-05,4550,Poland,0.0,False
2023-05,4623,Ukraine,11175.0,False
2023-05,4635,Kyrgyzstan,0.0,False
2023-05,4700,Spain,13100.0,False
2023-05,4710,Portugal,0.0,False
2023-05,4759,Italy,3128783.0,False
2023-05,4801,Serbia,37858.0,False
2023-05,4840,Greece,0.0,False
2023-05,4850,Romania,0.0,False
2023-05,4890,Turkey,177332.0,False
2023-05,5081,Israel,979069.0,False
2023-05,5170,Saudi Arabia,37918.0,False
2023-05,5180,Qatar,0.0,False
2023-05,-,Total For All Countries,94828107.0,True
2023-05,0003,European Union,8628264.0,False
2023-05,1XXX,North America,669236.0,False
2023-05,4XXX,Europe,11320710.0,False
2023-05,7XXX,Africa,15700.0,False
2023-05,0014,Pacific Rim Countries,79068963.0,False
2023-05,5XXX,Asia,82273811.0,False
2023-05,0017,Cafta-Dr,0.0,False
2023-05,6XXX,Australia And Oceania,59275.0,False
2023-05,0020,Usmca (Nafta),669236.0,False
2023-05,0021,Twenty Latin American Republics,873079.0,False
2023-05,0022,Oecd,39608253.0,False
2023-05,0023,Nato,11363517.0,False
2023-05,0024,Lafta,873079.0,False
2023-05,0025,Euro Area,8598264.0,False
2023-05,0026,Apec,81264020.0,False
2023-05,0027,Asean,14103680.0,False
2023-05,0028,Cacm,0.0,False
2023-05,1220,Canada,285532.0,False
2023-05,2010,Mexico,383704.0,False
2023-05,2230,Costa Rica,0.0,False
2023-05,2250,Panama,0.0,False
2023-05,7910,South Africa,0.0,False
2023-05,2XXX,Central America,0.0,False
2023-05,3XXX,South America,489375.0,False
2023-06,5330,India,822815.0,False
2023-06,5490,Thailand,1007956.0,False
2023-06,5520,Vietnam,23316.0,False
2023-06,5530,Laos,63500.0,False
2023-06,5550,Cambodia,0.0,False
2023-06,5570,Malaysia,6323199.0,False
2023-06,5590,Singapore,4195842.0,False
2023-06,5650,Philippines,2543025.0,False
2023-06,5700,China,11300232.0,False
2023-06,5800,South Korea,30904765.0,False
2023-06,5820,Hong Kong,299509.0,False
2023-06,5830,Taiwan,15241386.0,False
2023-06,5880,Japan,6724193.0,False
2023-06,6021,Australia,0.0,False
2023-06,6141,New Zealand,0.0,False
2023-06,3510,Brazil,576827.0,False
2023-06,3570,Argentina,0.0,False
2023-06,4010,Sweden,0.0,False
2023-06,4050,Finland,0.0,False
2023-06,4099,Denmark,0.0,False
2023-06,4120,United Kingdom,485105.0,False
2023-06,4190,Ireland,503343.0,False
2023-06,4210,Netherlands,16299.0,False
2023-06,4231,Belgium,0.0,False
2023-06,4239,Luxembourg,0.0,False
2023-06,4279,France,386802.0,False
2023-06,4280,Germany,3220257.0,False
2023-06,4330,Austria,80000.0,False
2023-06,4351,Czech Republic,15000.0,False
2023-06,7140,Morocco,0.0,False
2023-06,7380,Equatorial Guinea,15887.0,False
2023-06,7770,Djibouti,0.0,False
2023-06,4370,Hungary,0.0,False
2023-06,4419,Switzerland,165300.0,False
2023-06,4510,Lithuania,0.0,False
2023-06,4550,Poland,86502.0,False
2023-06,4623,Ukraine,0.0,False
2023-06,4635,Kyrgyzstan,0.0,False
2023-06,4700,Spain,21200.0,False
2023-06,4710,Portugal,14100.0,False
2023-06,4759,Italy,2119079.0,False
2023-06,4794,Macedonia,240536.0,False
2023-06,4801,Serbia,0.0,False
2023-06,4840,Greece,0.0,False
2023-06,4850,Romania,0.0,False
2023-06,4890,Turkey,14615.0,False
2023-06,5081,Israel,906431.0,False
2023-06,5170,Saudi Arabia,0.0,False
2023-06,5180,Qatar,0.0,False
2023-06,-,Total For All Countries,91973791.0,True
2023-06,0003,European Union,6462582.0,False
2023-06,1XXX,North America,3656770.0,False
2023-06,4XXX,Europe,7368138.0,False
2023-06,7XXX,Africa,15887.0,False
2023-06,0014,Pacific Rim Countries,77532151.0,False
2023-06,5XXX,Asia,80356169.0,False
2023-06,0017,Cafta-Dr,0.0,False
2023-06,6XXX,Australia And Oceania,0.0,False
2023-06,0020,Usmca (Nafta),3656770.0,False
2023-06,0021,Twenty Latin American Republics,4064073.0,False
2023-06,0022,Oecd,49319761.0,False
2023-06,0023,Nato,6789019.0,False
2023-06,0024,Lafta,4064073.0,False
2023-06,0025,Euro Area,6361080.0,False
2023-06,0026,Apec,82220193.0,False
2023-06,0027,Asean,14156838.0,False
2023-06,0028,Cacm,0.0,False
2023-06,1220,Canada,169524.0,False
2023-06,2010,Mexico,3487246.0,False
2023-06,2230,Costa Rica,0.0,False
2023-06,2250,Panama,0.0,False
2023-06,7910,South Africa,0.0,False
2023-06,2XXX,Central America,0.0,False
2023-06,3XXX,South America,576827.0,False
2023-07,5330,India,512333.0,False
2023-07,5490,Thailand,1475454.0,False
2023-07,5520,Vietnam,659335.0,False
2023-07,5530,Laos,0.0,False
2023-07,5550,Cambodia,0.0,False
2023-07,5570,Malaysia,3105500.0,False
2023-07,5590,Singapore,4044763.0,False
2023-07,5600,Indonesia,9155.0,False
2023-07,5650,Philippines,2138284.0,False
2023-07,5700,China,31413820.0,False
2023-07,5800,South Korea,9971145.0,False
2023-07,5820,Hong Kong,456001.0,False
2023-07,5830,Taiwan,15140365.0,False
2023-07,5880,Japan,2021301.0,False
2023-07,6021,Australia,81750.0,False
2023-07,6141,New Zealand,0.0,False
2023-07,3510,Brazil,0.0,False
2023-07,3570,Argentina,40281.0,False
2023-07,4010,Sweden,36291.0,False
2023-07,4050,Finland,0.0,False
2023-07,4099,Denmark,733554.0,False
2023-07,4120,United Kingdom,108959.0,False
2023-07,4190,Ireland,203063.0,False
2023-07,4210,Netherlands,92189.0,False
2023-07,4231,Belgium,0.0,False
2023-07,4239,Luxembourg,0.0,False
2023-07,4279,France,607460.0,False
2023-07,4280,Germany,1885350.0,False
2023-07,4330,Austria,47490.0,False
2023-07,4351,Czech Republic,0.0,False
2023-07,7140,Morocco,0.0,False
2023-07,7380,Equatorial Guinea,0.0,False
2023-07,7770,Djibouti,0.0,False
2023-07,4370,Hungary,87322.0,False
2023-07,4419,Switzerland,0.0,False
2023-07,4510,Lithuania,0.0,False
2023-07,4550,Poland,15956.0,False
2023-07,4623,Ukraine,0.0,False
2023-07,4635,Kyrgyzstan,0.0,False
2023-07,4700,Spain,12000.0,False
2023-07,4710,Portugal,67211.0,False
2023-07,4759,Italy,1916766.0,False
2023-07,4794,Macedonia,0.0,False
2023-07,4801,Serbia,0.0,False
2023-07,4840,Greece,0.0,False
2023-07,4850,Romania,90200.0,False
2023-07,4890,Turkey,114794.0,False
2023-07,5081,Israel,1016988.0,False
2023-07,5170,Saudi Arabia,0.0,False
2023-07,5180,Qatar,0.0,False
2023-07,-,Total For All Countries,80498554.0,True
2023-07,0003,European Union,5794852.0,False
2023-07,1XXX,North America,2300264.0,False
2023-07,4XXX,Europe,6018605.0,False
2023-07,7XXX,Africa,8600.0,False
2023-07,0014,Pacific Rim Countries,68382084.0,False
2023-07,5XXX,Asia,71964444.0,False
2023-07,0017,Cafta-Dr,84610.0,False
2023-07,6XXX,Australia And Oceania,81750.0,False
2023-07,0020,Usmca (Nafta),2300264.0,False
2023-07,0021,Twenty Latin American Republics,2266388.0,False
2023-07,0022,Oecd,21404463.0,False
2023-07,0023,Nato,5926819.0,False
2023-07,0024,Lafta,2181778.0,False
2023-07,0025,Euro Area,4831529.0,False
2023-07,0026,Apec,72817137.0,False
2023-07,0027,Asean,11432491.0,False
2023-07,0028,Cacm,84610.0,False
2023-07,1220,Canada,158767.0,False
2023-07,2010,Mexico,2141497.0,False
2023-07,2230,Costa Rica,84610.0,False
2023-07,2250,Panama,0.0,False
2023-07,7910,South Africa,8600.0,False
2023-07,2XXX,Central America,84610.0,False
2023-07,3XXX,South America,40281.0,False
2023-08,5330,India,277408.0,False
2023-08,5490,Thailand,967217.0,False
2023-08,5520,Vietnam,146447.0,False
2023-08,5530,Laos,0.0,False
2023-08,5550,Cambodia,0.0,False
2023-08,5570,Malaysia,5825363.0,False
2023-08,5590,Singapore,2100180.0,False
2023-08,5600,Indonesia,0.0,False
2023-08,5650,Philippines,1947405.0,False
2023-08,5700,China,15387211.0,False
2023-08,5800,South Korea,34997925.0,False
2023-08,5820,Hong Kong,4241793.0,False
2023-08,5830,Taiwan,19292497.0,False
2023-08,5880,Japan,3597177.0,False
2023-08,6021,Australia,0.0,False
2023-08,6141,New Zealand,0.0,False
2023-08,3510,Brazil,0.0,False
2023-08,3570,Argentina,0.0,False
2023-08,4010,Sweden,40619.0,False
2023-08,4050,Finland,128661.0,False
2023-08,4099,Denmark,55137.0,False
2023-08,4120,United Kingdom,212144.0,False
2023-08,4190,Ireland,1262078.0,False
2023-08,4210,Netherlands,479697.0,False
2023-08,4231,Belgium,15500.0,False
2023-08,4239,Luxembourg,0.0,False
2023-08,4279,France,80800.0,False
2023-08,4280,Germany,1494610.0,False
2023-08,4330,Austria,56850.0,False
2023-08,4351,Czech Republic,0.0,False
2023-08,7140,Morocco,0.0,False
2023-08,7380,Equatorial Guinea,0.0,False
2023-08,7770,Djibouti,0.0,False
2023-08,4370,Hungary,0.0,False
2023-08,4419,Switzerland,22526.0,False
2023-08,4470,Estonia,86618.0,False
2023-08,4510,Lithuania,0.0,False
2023-08,4550,Poland,0.0,False
2023-08,4623,Ukraine,0.0,False
2023-08,4635,Kyrgyzstan,0.0,False
2023-08,4700,Spain,0.0,False
2023-08,4710,Portugal,0.0,False
2023-08,4759,Italy,2295841.0,False
2023-08,4794,Macedonia,0.0,False
2023-08,4801,Serbia,0.0,False
2023-08,4840,Greece,0.0,False
2023-08,4850,Romania,0.0,False
2023-08,4890,Turkey,14160.0,False
2023-08,5081,Israel,3305250.0,False
2023-08,5170,Saudi Arabia,0.0,False
2023-08,5180,Qatar,0.0,False
2023-08,-,Total For All Countries,99439269.0,True
2023-08,0003,European Union,5996411.0,False
2023-08,1XXX,North America,1108155.0,False
2023-08,4XXX,Europe,6245241.0,False
2023-08,7XXX,Africa,0.0,False
2023-08,0014,Pacific Rim Countries,87389551.0,False
2023-08,5XXX,Asia,92085873.0,False
2023-08,0017,Cafta-Dr,0.0,False
2023-08,6XXX,Australia And Oceania,0.0,False
2023-08,0020,Usmca (Nafta),1108155.0,False
2023-08,0021,Twenty Latin American Republics,1108155.0,False
2023-08,0022,Oecd,49253748.0,False
2023-08,0023,Nato,4903787.0,False
2023-08,0024,Lafta,1108155.0,False
2023-08,0025,Euro Area,5900655.0,False
2023-08,0026,Apec,89611370.0,False
2023-08,0027,Asean,10986612.0,False
2023-08,0028,Cacm,0.0,False
2023-08,1220,Canada,0.0,False
2023-08,2010,Mexico,1108155.0,False
2023-08,2230,Costa Rica,0.0,False
2023-08,2250,Panama,0.0,False
2023-08,7910,South Africa,0.0,False
2023-08,2XXX,Central America,0.0,False
2023-08,3XXX,South America,0.0,False
2023-09,5250,Bahrain,92195.0,False
2023-09,5330,India,175369.0,False
2023-09,5490,Thailand,367236.0,False
2023-09,5520,Vietnam,272125.0,False
2023-09,5530,Laos,63500.0,False
2023-09,5550,Cambodia,0.0,False
2023-09,5570,Malaysia,3329302.0,False
2023-09,5590,Singapore,1635377.0,False
2023-09,5600,Indonesia,0.0,False
2023-09,5650,Philippines,2530208.0,False
2023-09,5700,China,24797087.0,False
2023-09,5800,South Korea,21502851.0,False
2023-09,5820,Hong Kong,2777506.0,False
2023-09,5830,Taiwan,21400677.0,False
2023-09,5880,Japan,2672391.0,False
2023-09,6021,Australia,92250.0,False
2023-09,6141,New Zealand,0.0,False
2023-09,3510,Brazil,0.0,False
2023-09,3570,Argentina,0.0,False
2023-09,4010,Sweden,97230.0,False
2023-09,4050,Finland,0.0,False
2023-09,4099,Denmark,79041.0,False
2023-09,4120,United Kingdom,581799.0,False
2023-09,4190,Ireland,159122.0,False
2023-09,4210,Netherlands,158856.0,False
2023-09,4231,Belgium,71599.0,False
2023-09,4239,Luxembourg,0.0,False
2023-09,4279,France,172685.0,False
2023-09,4280,Germany,2379257.0,False
2023-09,4330,Austria,29953.0,False
2023-09,4351,Czech Republic,1020622.0,False
2023-09,7140,Morocco,0.0,False
2023-09,7380,Equatorial Guinea,0.0,False
2023-09,7770,Djibouti,0.0,False
2023-09,4370,Hungary,0.0,False
2023-09,4419,Switzerland,1695759.0,False
2023-09,4470,Estonia,0.0,False
2023-09,4510,Lithuania,0.0,False
2023-09,4550,Poland,0.0,False
2023-09,4623,Ukraine,0.0,False
2023-09,4634,Kazakhstan,10000.0,False
2023-09,4635,Kyrgyzstan,0.0,False
2023-09,4700,Spain,0.0,False
2023-09,4710,Portugal,0.0,False
2023-09,4759,Italy,819668.0,False
2023-09,4794,Macedonia,0.0,False
2023-09,4801,Serbia,0.0,False
2023-09,4840,Greece,0.0,False
2023-09,4850,Romania,0.0,False
2023-09,4890,Turkey,602823.0,False
2023-09,5081,Israel,384915.0,False
2023-09,5170,Saudi Arabia,16192.0,False
2023-09,5180,Qatar,0.0,False
2023-09,-,Total For All Countries,92405236.0,True
2023-09,0003,European Union,4988033.0,False
2023-09,1XXX,North America,2417641.0,False
2023-09,4XXX,Europe,7878414.0,False
2023-09,7XXX,Africa,0.0,False
2023-09,0014,Pacific Rim Countries,80737649.0,False
2023-09,5XXX,Asia,82016931.0,False
2023-09,0017,Cafta-Dr,0.0,False
2023-09,6XXX,Australia And Oceania,92250.0,False
2023-09,0020,Usmca (Nafta),2417641.0,False
2023-09,0021,Twenty Latin American Republics,1473229.0,False
2023-09,0022,Oecd,34938462.0,False
2023-09,0023,Nato,6927992.0,False
2023-09,0024,Lafta,1473229.0,False
2023-09,0025,Euro Area,3791140.0,False
2023-09,0026,Apec,83794651.0,False
2023-09,0027,Asean,8197748.0,False
2023-09,0028,Cacm,0.0,False
2023-09,1220,Canada,944412.0,False
2023-09,2010,Mexico,1473229.0,False
2023-09,2230,Costa Rica,0.0,False
2023-09,2250,Panama,0.0,False
2023-09,7910,South Africa,0.0,False
2023-09,2XXX,Central America,0.0,False
2023-09,3XXX,South America,0.0,False
2023-10,5230,Oman,13000.0,False
2023-10,5250,Bahrain,0.0,False
2023-10,5330,India,854271.0,False
2023-10,5490,Thailand,1152181.0,False
2023-10,5520,Vietnam,228000.0,False
2023-10,5530,Laos,0.0,False
2023-10,5550,Cambodia,0.0,False
2023-10,5570,Malaysia,4081367.0,False
2023-10,5590,Singapore,3824109.0,False
2023-10,5600,Indonesia,118500.0,False
2023-10,5650,Philippines,2037956.0,False
2023-10,5700,China,26026132.0,False
2023-10,5800,South Korea,14702218.0,False
2023-10,5820,Hong Kong,3800952.0,False
2023-10,5830,Taiwan,16625164.0,False
2023-10,5880,Japan,6611670.0,False
2023-10,6021,Australia,69650.0,False
2023-10,6141,New Zealand,0.0,False
2023-10,3510,Brazil,17225.0,False
2023-10,3570,Argentina,0.0,False
2023-10,4010,Sweden,23281.0,False
2023-10,4039,Norway,28000.0,False
2023-10,4050,Finland,0.0,False
2023-10,4099,Denmark,22030.0,False
2023-10,4120,United Kingdom,319272.0,False
2023-10,4190,Ireland,346507.0,False
2023-10,4210,Netherlands,2395540.0,False
2023-10,4231,Belgium,0.0,False
2023-10,4239,Luxembourg,0.0,False
2023-10,4279,France,1337714.0,False
2023-10,4280,Germany,3059950.0,False
2023-10,4330,Austria,0.0,False
2023-10,4351,Czech Republic,0.0,False
2023-10,7140,Morocco,0.0,False
2023-10,7380,Equatorial Guinea,0.0,False
2023-10,7770,Djibouti,0.0,False
2023-10,2482,British Virgin Islands,15000.0,False
2023-10,4370,Hungary,0.0,False
2023-10,4419,Switzerland,260000.0,False
2023-10,4470,Estonia,0.0,False
2023-10,4510,Lithuania,0.0,False
2023-10,4550,Poland,0.0,False
2023-10,4623,Ukraine,0.0,False
2023-10,4634,Kazakhstan,0.0,False
2023-10,4635,Kyrgyzstan,0.0,False
2023-10,4700,Spain,0.0,False
2023-10,4710,Portugal,0.0,False
2023-10,4759,Italy,1376057.0,False
2023-10,4794,Macedonia,0.0,False
2023-10,4801,Serbia,0.0,False
2023-10,4840,Greece,0.0,False
2023-10,4850,Romania,0.0,False
2023-10,4890,Turkey,0.0,False
2023-10,5081,Israel,390391.0,False
2023-10,5110,Jordan,14299.0,False
2023-10,5170,Saudi Arabia,0.0,False
2023-10,5180,Qatar,0.0,False
2023-10,-,Total For All Countries,91126244.0,True
2023-10,0003,European Union,8561079.0,False
2023-10,1XXX,North America,1322136.0,False
2023-10,4XXX,Europe,9168351.0,False
2023-10,7XXX,Africa,0.0,False
2023-10,0014,Pacific Rim Countries,77897718.0,False
2023-10,5XXX,Asia,80480210.0,False
2023-10,0017,Cafta-Dr,53672.0,False
2023-10,6XXX,Australia And Oceania,69650.0,False
2023-10,0020,Usmca (Nafta),1322136.0,False
2023-10,0021,Twenty Latin American Republics,1393033.0,False
2023-10,0022,Oecd,32318088.0,False
2023-10,0023,Nato,8561844.0,False
2023-10,0024,Lafta,1339361.0,False
2023-10,0025,Euro Area,8515768.0,False
2023-10,0026,Apec,80600035.0,False
2023-10,0027,Asean,11442113.0,False
2023-10,0028,Cacm,53672.0,False
2023-10,1220,Canada,0.0,False
2023-10,2010,Mexico,1322136.0,False
2023-10,2230,Costa Rica,53672.0,False
2023-10,2250,Panama,0.0,False
2023-10,7910,South Africa,0.0,False
2023-10,2XXX,Central America,68672.0,False
2023-10,3XXX,South America,17225.0,False
2023-11,5230,Oman,0.0,False
2023-11,5250,Bahrain,0.0,False
2023-11,5330,India,2053920.0,False
2023-11,5490,Thailand,1288772.0,False
2023-11,5520,Vietnam,92441.0,False
2023-11,5530,Laos,127000.0,False
2023-11,5550,Cambodia,0.0,False
2023-11,5570,Malaysia,5242297.0,False
2023-11,5590,Singapore,2092590.0,False
2023-11,5600,Indonesia,0.0,False
2023-11,5650,Philippines,2454504.0,False
2023-11,5700,China,51834771.0,False
2023-11,5800,South Korea,11563468.0,False
2023-11,5820,Hong Kong,108732.0,False
2023-11,5830,Taiwan,18610352.0,False
2023-11,5880,Japan,4412872.0,False
2023-11,6021,Australia,0.0,False
2023-11,6141,New Zealand,0.0,False
2023-11,3510,Brazil,0.0,False
2023-11,3570,Argentina,0.0,False
2023-11,4010,Sweden,0.0,False
2023-11,4039,Norway,0.0,False
2023-11,4050,Finland,0.0,False
2023-11,4099,Denmark,144965.0,False
2023-11,4120,United Kingdom,407117.0,False
2023-11,4190,Ireland,144205.0,False
2023-11,4210,Netherlands,487151.0,False
2023-11,4231,Belgium,0.0,False
2023-11,4239,Luxembourg,0.0,False
2023-11,4279,France,576566.0,False
2023-11,4280,Germany,1642932.0,False
2023-11,4330,Austria,84361.0,False
2023-11,4351,Czech Republic,250576.0,False
2023-11,7140,Morocco,435033.0,False
2023-11,7380,Equatorial Guinea,0.0,False
2023-11,7770,Djibouti,0.0,False
2023-11,2482,British Virgin Islands,0.0,False
2023-11,4370,Hungary,0.0,False
2023-11,4419,Switzerland,152239.0,False
2023-11,4470,Estonia,0.0,False
2023-11,4510,Lithuania,0.0,False
2023-11,4550,Poland,36130.0,False
2023-11,4623,Ukraine,0.0,False
2023-11,4634,Kazakhstan,0.0,False
2023-11,4635,Kyrgyzstan,0.0,False
2023-11,4700,Spain,184491.0,False
2023-11,4710,Portugal,11000.0,False
2023-11,4759,Italy,1396679.0,False
2023-11,4794,Macedonia,0.0,False
2023-11,4801,Serbia,0.0,False
2023-11,4840,Greece,0.0,False
2023-11,4850,Romania,30879.0,False
2023-11,4890,Turkey,922485.0,False
2023-11,5081,Israel,951440.0,False
2023-11,5110,Jordan,0.0,False
2023-11,5170,Saudi Arabia,0.0,False
2023-11,5180,Qatar,0.0,False
2023-11,-,Total For All Countries,109222005.0,True
2023-11,0003,European Union,4989935.0,False
2023-11,1XXX,North America,1469726.0,False
2023-11,4XXX,Europe,6471776.0,False
2023-11,7XXX,Africa,435033.0,False
2023-11,0014,Pacific Rim Countries,96319586.0,False
2023-11,5XXX,Asia,100833159.0,False
2023-11,0017,Cafta-Dr,12311.0,False
2023-11,6XXX,Australia And Oceania,0.0,False
2023-11,0020,Usmca (Nafta),1469726.0,False
2023-11,0021,Twenty Latin American Republics,492427.0,False
2023-11,0022,Oecd,24850714.0,False
2023-11,0023,Nato,7080581.0,False
2023-11,0024,Lafta,480116.0,False
2023-11,0025,Euro Area,4527385.0,False
2023-11,0026,Apec,99170525.0,False
2023-11,0027,Asean,11297604.0,False
2023-11,0028,Cacm,12311.0,False
2023-11,1220,Canada,989610.0,False
2023-11,2010,Mexico,480116.0,False
2023-11,2230,Costa Rica,12311.0,False
2023-11,2250,Panama,0.0,False
2023-11,7910,South Africa,0.0,False
2023-11,2XXX,Central America,12311.0,False
2023-11,3XXX,South America,0.0,False
2023-12,5230,Oman,0.0,False
2023-12,5250,Bahrain,0.0,False
2023-12,5330,India,364223.0,False
2023-12,5490,Thailand,476210.0,False
2023-12,5520,Vietnam,98293.0,False
2023-12,5530,Laos,0.0,False
2023-12,5550,Cambodia,0.0,False
2023-12,5570,Malaysia,4967013.0,False
2023-12,5590,Singapore,6800696.0,False
2023-12,5600,Indonesia,0.0,False
2023-12,5650,Philippines,3789086.0,False
2023-12,5700,China,44329267.0,False
2023-12,5800,South Korea,22355342.0,False
2023-12,5820,Hong Kong,150830.0,False
2023-12,5830,Taiwan,26456355.0,False
2023-12,5880,Japan,13775044.0,False
2023-12,6021,Australia,104220.0,False
2023-12,6141,New Zealand,0.0,False
2023-12,3510,Brazil,0.0,False
2023-12,3570,Argentina,0.0,False
2023-12,4010,Sweden,1011022.0,False
2023-12,4039,Norway,0.0,False
2023-12,4050,Finland,28384.0,False
2023-12,4099,Denmark,985554.0,False
2023-12,4120,United Kingdom,499615.0,False
2023-12,4190,Ireland,91128.0,False
2023-12,4210,Netherlands,447821.0,False
2023-12,4231,Belgium,0.0,False
2023-12,4239,Luxembourg,0.0,False
2023-12,4279,France,2430961.0,False
2023-12,4280,Germany,2565881.0,False
2023-12,4330,Austria,39140.0,False
2023-12,4351,Czech Republic,0.0,False
2023-12,7140,Morocco,0.0,False
2023-12,7380,Equatorial Guinea,0.0,False
2023-12,7770,Djibouti,0.0,False
2023-12,2482,British Virgin Islands,0.0,False
2023-12,4370,Hungary,30374.0,False
2023-12,4419,Switzerland,0.0,False
2023-12,4470,Estonia,0.0,False
2023-12,4510,Lithuania,0.0,False
2023-12,4550,Poland,70216.0,False
2023-12,4623,Ukraine,0.0,False
2023-12,4634,Kazakhstan,29995.0,False
2023-12,4635,Kyrgyzstan,0.0,False
2023-12,4700,Spain,8096.0,False
2023-12,4710,Portugal,0.0,False
2023-12,4730,Malta,30940.0,False
2023-12,4759,Italy,1513045.0,False
2023-12,4794,Macedonia,0.0,False
2023-12,4801,Serbia,0.0,False
2023-12,4840,Greece,0.0,False
2023-12,4850,Romania,0.0,False
2023-12,4890,Turkey,377086.0,False
2023-12,5081,Israel,287264.0,False
2023-12,5110,Jordan,0.0,False
2023-12,5170,Saudi Arabia,45844.0,False
2023-12,5180,Qatar,0.0,False
2023-12,-,Total For All Countries,134637487.0,True
2023-12,0003,European Union,9252562.0,False
2023-12,1XXX,North America,432689.0,False
2023-12,4XXX,Europe,10159258.0,False
2023-12,7XXX,Africa,45853.0,False
2023-12,0014,Pacific Rim Countries,122727853.0,False
2023-12,5XXX,Asia,123895467.0,False
2023-12,0017,Cafta-Dr,0.0,False
2023-12,6XXX,Australia And Oceania,104220.0,False
2023-12,0020,Usmca (Nafta),432689.0,False
2023-12,0021,Twenty Latin American Republics,432689.0,False
2023-12,0022,Oecd,47052882.0,False
2023-12,0023,Nato,9968055.0,False
2023-12,0024,Lafta,432689.0,False
2023-12,0025,Euro Area,7155396.0,False
2023-12,0026,Apec,123735045.0,False
2023-12,0027,Asean,16131298.0,False
2023-12,0028,Cacm,0.0,False
2023-12,1220,Canada,0.0,False
2023-12,2010,Mexico,432689.0,False
2023-12,2230,Costa Rica,0.0,False
2023-12,2250,Panama,0.0,False
2023-12,7910,South Africa,45853.0,False
2023-12,2XXX,Central America,0.0,False
2023-12,3XXX,South America,0.0,False
2024-01,5330,India,1666516.0,False
2024-01,5490,Thailand,359043.0,False
2024-01,5520,Vietnam,223000.0,False
2024-01,5570,Malaysia,3656513.0,False
2024-01,5590,Singapore,1613673.0,False
2024-01,5650,Philippines,1775243.0,False
2024-01,5700,China,14282432.0,False
2024-01,5800,South Korea,16553355.0,False
2024-01,5820,Hong Kong,238290.0,False
2024-01,5830,Taiwan,8000746.0,False
2024-01,5880,Japan,3567782.0,False
2024-01,3510,Brazil,9828.0,False
2024-01,4010,Sweden,30000.0,False
2024-01,4120,United Kingdom,387994.0,False
2024-01,4190,Ireland,563755.0,False
2024-01,4210,Netherlands,1488342.0,False
2024-01,4279,France,1715905.0,False
2024-01,4280,Germany,2825942.0,False
2024-01,4330,Austria,49700.0,False
2024-01,4370,Hungary,57820.0,False
2024-01,4419,Switzerland,89963.0,False
2024-01,4759,Italy,1946911.0,False
2024-01,4890,Turkey,83878.0,False
2024-01,5081,Israel,24075850.0,False
2024-01,5170,Saudi Arabia,25431.0,False
2024-01,-,Total For All Countries,87805326.0,True
2024-01,0003,European Union,8678375.0,False
2024-01,1XXX,North America,2517414.0,False
2024-01,4XXX,Europe,9240210.0,False
2024-01,0014,Pacific Rim Countries,49688034.0,False
2024-01,5XXX,Asia,76037874.0,False
2024-01,0020,Usmca (Nafta),2517414.0,False
2024-01,0021,Twenty Latin American Republics,1540218.0,False
2024-01,0022,Oecd,55954611.0,False
2024-01,0023,Nato,9523816.0,False
2024-01,0024,Lafta,1540218.0,False
2024-01,0025,Euro Area,8590555.0,False
2024-01,0026,Apec,52787491.0,False
2024-01,0027,Asean,7627472.0,False
2024-01,1220,Canada,987024.0,False
2024-01,2010,Mexico,1530390.0,False
2024-01,3XXX,South America,9828.0,False
2024-02,5200,United Arab Emirates,23637.0,False
2024-02,5330,India,555628.0,False
2024-02,5490,Thailand,435806.0,False
2024-02,5520,Vietnam,793058.0,False
2024-02,5570,Malaysia,1873770.0,False
2024-02,5590,Singapore,2392252.0,False
2024-02,5650,Philippines,3676914.0,False
2024-02,5700,China,11882251.0,False
2024-02,5800,South Korea,24408089.0,False
2024-02,5820,Hong Kong,95028.0,False
2024-02,5830,Taiwan,8607514.0,False
2024-02,5880,Japan,5131050.0,False
2024-02,6021,Australia,428745.0,False
2024-02,3330,Peru,9020.0,False
2024-02,3510,Brazil,0.0,False
2024-02,3570,Argentina,9299.0,False
2024-02,4010,Sweden,130250.0,False
2024-02,4050,Finland,16792.0,False
2024-02,4120,United Kingdom,438534.0,False
2024-02,4190,Ireland,219742.0,False
2024-02,4210,Netherlands,432711.0,False
2024-02,4279,France,354736.0,False
2024-02,4280,Germany,3093670.0,False
2024-02,4330,Austria,0.0,False
2024-02,4351,Czech Republic,212500.0,False
2024-02,4370,Hungary,70310.0,False
2024-02,4419,Switzerland,0.0,False
2024-02,4700,Spain,20577.0,False
2024-02,4759,Italy,1107976.0,False
2024-02,4890,Turkey,0.0,False
2024-02,5081,Israel,456360.0,False
2024-02,5170,Saudi Arabia,19692.0,False
2024-02,-,Total For All Countries,67683789.0,True
2024-02,0003,European Union,5659264.0,False
2024-02,1XXX,North America,659314.0,False
2024-02,4XXX,Europe,6097798.0,False
2024-02,0014,Pacific Rim Countries,58495613.0,False
2024-02,5XXX,Asia,60351049.0,False
2024-02,0017,Cafta-Dr,128564.0,False
2024-02,6XXX,Australia And Oceania,428745.0,False
2024-02,0020,Usmca (Nafta),659314.0,False
2024-02,0021,Twenty Latin American Republics,806197.0,False
2024-02,0022,Oecd,37309920.0,False
2024-02,0023,Nato,5878056.0,False
2024-02,0024,Lafta,677633.0,False
2024-02,0025,Euro Area,5246204.0,False
2024-02,0026,Apec,60392811.0,False
2024-02,0027,Asean,9171800.0,False
2024-02,0028,Cacm,128564.0,False
2024-02,1220,Canada,0.0,False
2024-02,2010,Mexico,659314.0,False
2024-02,2230,Costa Rica,128564.0,False
2024-02,2XXX,Central America,128564.0,False
2024-02,3XXX,South America,18319.0,False
2024-03,5200,United Arab Emirates,0.0,False
2024-03,5330,India,263232.0,False
2024-03,5490,Thailand,473091.0,False
2024-03,5520,Vietnam,210765.0,False
2024-03,5570,Malaysia,5236274.0,False
2024-03,5590,Singapore,2634063.0,False
2024-03,5650,Philippines,2808672.0,False
2024-03,5700,China,23815420.0,False
2024-03,5800,South Korea,43664008.0,False
2024-03,5820,Hong Kong,445370.0,False
2024-03,5830,Taiwan,15654112.0,False
2024-03,5880,Japan,2835868.0,False
2024-03,6021,Australia,210214.0,False
2024-03,3330,Peru,0.0,False
2024-03,3510,Brazil,0.0,False
2024-03,3570,Argentina,0.0,False
2024-03,4010,Sweden,0.0,False
2024-03,4050,Finland,39274.0,False
2024-03,4120,United Kingdom,243501.0,False
2024-03,4190,Ireland,255087.0,False
2024-03,4210,Netherlands,171395.0,False
2024-03,4279,France,170938.0,False
2024-03,4280,Germany,1584987.0,False
2024-03,4330,Austria,143662.0,False
2024-03,4351,Czech Republic,0.0,False
2024-03,4370,Hungary,0.0,False
2024-03,4419,Switzerland,100322.0,False
2024-03,4700,Spain,75429.0,False
2024-03,4710,Portugal,67211.0,False
2024-03,4759,Italy,1345274.0,False
2024-03,4870,Bulgaria,446513.0,False
2024-03,4890,Turkey,39609.0,False
2024-03,4910,Cyprus,11752.0,False
2024-03,5081,Israel,2674914.0,False
2024-03,5170,Saudi Arabia,126107.0,False
2024-03,-,Total For All Countries,108155752.0,True
2024-03,0003,European Union,4311522.0,False
2024-03,1XXX,North America,2193688.0,False
2024-03,4XXX,Europe,4694954.0,False
2024-03,0014,Pacific Rim Countries,97304001.0,False
2024-03,5XXX,Asia,100841896.0,False
2024-03,0017,Cafta-Dr,215000.0,False
2024-03,6XXX,Australia And Oceania,210214.0,False
2024-03,0020,Usmca (Nafta),2193688.0,False
2024-03,0021,Twenty Latin American Republics,2083169.0,False
2024-03,0022,Oecd,56030381.0,False
2024-03,0023,Nato,4509650.0,False
2024-03,0024,Lafta,1868169.0,False
2024-03,0025,Euro Area,3865009.0,False
2024-03,0026,Apec,100181545.0,False
2024-03,0027,Asean,11362865.0,False
2024-03,0028,Cacm,215000.0,False
2024-03,1220,Canada,325519.0,False
2024-03,2010,Mexico,1868169.0,False
2024-03,2230,Costa Rica,215000.0,False
2024-03,2XXX,Central America,215000.0,False
2024-03,3XXX,South America,0.0,False
2024-04,5200,United Arab Emirates,0.0,False
2024-04,5330,India,1022850.0,False
2024-04,5490,Thailand,451255.0,False
2024-04,5520,Vietnam,83848.0,False
2024-04,5570,Malaysia,16133457.0,False
2024-04,5590,Singapore,2110397.0,False
2024-04,5650,Philippines,1274288.0,False
2024-04,5700,China,24103404.0,False
2024-04,5800,South Korea,19600201.0,False
2024-04,5820,Hong Kong,662538.0,False
2024-04,5830,Taiwan,15314106.0,False
2024-04,5880,Japan,2518977.0,False
2024-04,6021,Australia,244870.0,False
2024-04,3330,Peru,0.0,False
2024-04,3510,Brazil,61800.0,False
2024-04,3570,Argentina,0.0,False
2024-04,4010,Sweden,10769.0,False
2024-04,4050,Finland,78925.0,False
2024-04,4099,Denmark,68550.0,False
2024-04,4120,United Kingdom,298066.0,False
2024-04,4190,Ireland,270729.0,False
2024-04,4210,Netherlands,206352.0,False
2024-04,4279,France,2007655.0,False
2024-04,4280,Germany,1312582.0,False
2024-04,4330,Austria,14819.0,False
2024-04,4351,Czech Republic,0.0,False
2024-04,7290,Egypt,8500.0,False
2024-04,4359,Slovakia,13986.0,False
2024-04,4370,Hungary,0.0,False
2024-04,4419,Switzerland,0.0,False
2024-04,4550,Poland,414778.0,False
2024-04,4700,Spain,33982.0,False
2024-04,4710,Portugal,29070.0,False
2024-04,4759,Italy,892952.0,False
2024-04,4870,Bulgaria,0.0,False
2024-04,4890,Turkey,0.0,False
2024-04,4910,Cyprus,0.0,False
2024-04,5081,Israel,264233.0,False
2024-04,5170,Saudi Arabia,0.0,False
2024-04,-,Total For All Countries,92285847.0,True
2024-04,0003,European Union,5355149.0,False
2024-04,1XXX,North America,2713239.0,False
2024-04,4XXX,Europe,5653215.0,False
2024-04,7XXX,Africa,19295.0,False
2024-04,0014,Pacific Rim Countries,81962238.0,False
2024-04,5XXX,Asia,83539554.0,False
2024-04,0017,Cafta-Dr,53874.0,False
2024-04,6XXX,Australia And Oceania,244870.0,False
2024-04,0020,Usmca (Nafta),2713239.0,False
2024-04,0021,Twenty Latin American Republics,2538849.0,False
2024-04,0022,Oecd,31048609.0,False
2024-04,0023,Nato,5657731.0,False
2024-04,0024,Lafta,2484975.0,False
2024-04,0025,Euro Area,4861052.0,False
2024-04,0026,Apec,85210580.0,False
2024-04,0027,Asean,20053245.0,False
2024-04,0028,Cacm,53874.0,False
2024-04,1220,Canada,290064.0,False
2024-04,2010,Mexico,2423175.0,False
2024-04,2230,Costa Rica,53874.0,False
2024-04,7910,South Africa,10795.0,False
2024-04,2XXX,Central America,53874.0,False
2024-04,3XXX,South America,61800.0,False
2024-05,5200,United Arab Emirates,0.0,False
2024-05,5330,India,339942.0,False
2024-05,5490,Thailand,462913.0,False
2024-05,5520,Vietnam,0.0,False
2024-05,5570,Malaysia,9732994.0,False
2024-05,5590,Singapore,1665822.0,False
2024-05,5650,Philippines,2012675.0,False
2024-05,5700,China,15342247.0,False
2024-05,5800,South Korea,21250475.0,False
2024-05,5820,Hong Kong,607110.0,False
2024-05,5830,Taiwan,18570146.0,False
2024-05,5880,Japan,5104260.0,False
2024-05,6021,Australia,0.0,False
2024-05,3330,Peru,0.0,False
2024-05,3510,Brazil,54405.0,False
2024-05,3570,Argentina,0.0,False
2024-05,4010,Sweden,122869.0,False
2024-05,4039,Norway,37500.0,False
2024-05,4050,Finland,0.0,False
2024-05,4099,Denmark,68550.0,False
2024-05,4120,United Kingdom,398527.0,False
2024-05,4190,Ireland,167814.0,False
2024-05,4210,Netherlands,147629.0,False
2024-05,4279,France,992398.0,False
2024-05,4280,Germany,6366321.0,False
2024-05,4330,Austria,0.0,False
2024-05,4351,Czech Republic,10175.0,False
2024-05,7290,Egypt,0.0,False
2024-05,4359,Slovakia,0.0,False
2024-05,4370,Hungary,0.0,False
2024-05,4419,Switzerland,28987.0,False
2024-05,4550,Poland,125450.0,False
2024-05,4700,Spain,0.0,False
2024-05,4710,Portugal,0.0,False
2024-05,4759,Italy,533483.0,False
2024-05,4840,Greece,11992.0,False
2024-05,4850,Romania,10000.0,False
2024-05,4870,Bulgaria,0.0,False
2024-05,4890,Turkey,0.0,False
2024-05,4910,Cyprus,0.0,False
2024-05,5081,Israel,314731.0,False
2024-05,5170,Saudi Arabia,115682.0,False
2024-05,-,Total For All Countries,86774984.0,True
2024-05,0003,European Union,8556681.0,False
2024-05,1XXX,North America,2179887.0,False
2024-05,4XXX,Europe,9021695.0,False
2024-05,7XXX,Africa,0.0,False
2024-05,0014,Pacific Rim Countries,74285729.0,False
2024-05,5XXX,Asia,75518997.0,False
2024-05,0017,Cafta-Dr,0.0,False
2024-05,6XXX,Australia And Oceania,0.0,False
2024-05,0020,Usmca (Nafta),2179887.0,False
2024-05,0021,Twenty Latin American Republics,2234292.0,False
2024-05,0022,Oecd,37861048.0,False
2024-05,0023,Nato,8824894.0,False
2024-05,0024,Lafta,2234292.0,False
2024-05,0025,Euro Area,8219637.0,False
2024-05,0026,Apec,76928529.0,False
2024-05,0027,Asean,13874404.0,False
2024-05,0028,Cacm,0.0,False
2024-05,1220,Canada,0.0,False
2024-05,2010,Mexico,2179887.0,False
2024-05,2230,Costa Rica,0.0,False
2024-05,7910,South Africa,0.0,False
2024-05,2XXX,Central America,0.0,False
2024-05,3XXX,South America,54405.0,False
2024-06,5200,United Arab Emirates,15295.0,False
2024-06,5330,India,228662.0,False
2024-06,5490,Thailand,919173.0,False
2024-06,5520,Vietnam,387468.0,False
2024-06,5570,Malaysia,20446919.0,False
2024-06,5590,Singapore,1604281.0,False
2024-06,5600,Indonesia,19272.0,False
2024-06,5650,Philippines,1635700.0,False
2024-06,5700,China,26462981.0,False
2024-06,5800,South Korea,26743092.0,False
2024-06,5820,Hong Kong,5726524.0,False
2024-06,5830,Taiwan,23376785.0,False
2024-06,5880,Japan,3072830.0,False
2024-06,6021,Australia,19280.0,False
2024-06,2740,Trinidad And Tobago,291181.0,False
2024-06,3330,Peru,0.0,False
2024-06,3350,Bolivia,17723.0,False
2024-06,3510,Brazil,0.0,False
2024-06,3570,Argentina,0.0,False
2024-06,4010,Sweden,29400.0,False
2024-06,4039,Norway,0.0,False
2024-06,4050,Finland,20523.0,False
2024-06,4099,Denmark,14029.0,False
2024-06,4120,United Kingdom,83487.0,False
2024-06,4190,Ireland,58511.0,False
2024-06,4210,Netherlands,380443.0,False
2024-06,4279,France,1089477.0,False
2024-06,4280,Germany,2972178.0,False
2024-06,4330,Austria,45154.0,False
2024-06,4351,Czech Republic,0.0,False
2024-06,7290,Egypt,0.0,False
2024-06,4359,Slovakia,0.0,False
2024-06,4370,Hungary,0.0,False
2024-06,4419,Switzerland,117500.0,False
2024-06,4510,Lithuania,20000.0,False
2024-06,4550,Poland,35595.0,False
2024-06,4634,Kazakhstan,38228.0,False
2024-06,4700,Spain,0.0,False
2024-06,4710,Portugal,0.0,False
2024-06,4759,Italy,2061812.0,False
2024-06,4840,Greece,0.0,False
2024-06,4850,Romania,0.0,False
2024-06,4870,Bulgaria,0.0,False
2024-06,4890,Turkey,261352.0,False
2024-06,4910,Cyprus,0.0,False
2024-06,5081,Israel,462447.0,False
2024-06,5170,Saudi Arabia,486994.0,False
2024-06,-,Total For All Countries,121210685.0,True
2024-06,0003,European Union,6727122.0,False
2024-06,1XXX,North America,2056389.0,False
2024-06,4XXX,Europe,7227689.0,False
2024-06,7XXX,Africa,0.0,False
2024-06,0014,Pacific Rim Countries,109107664.0,False
2024-06,5XXX,Asia,111588423.0,False
2024-06,0017,Cafta-Dr,10000.0,False
2024-06,6XXX,Australia And Oceania,19280.0,False
2024-06,0020,Usmca (Nafta),2056389.0,False
2024-06,0021,Twenty Latin American Republics,2084112.0,False
2024-06,0022,Oecd,39543499.0,False
2024-06,0023,Nato,6968296.0,False
2024-06,0024,Lafta,2074112.0,False
2024-06,0025,Euro Area,6648098.0,False
2024-06,0026,Apec,112470694.0,False
2024-06,0027,Asean,25012813.0,False
2024-06,0028,Cacm,0.0,False
2024-06,1220,Canada,0.0,False
2024-06,2010,Mexico,2056389.0,False
2024-06,2230,Costa Rica,0.0,False
2024-06,2470,Dominican Republic,10000.0,False
2024-06,7910,South Africa,0.0,False
2024-06,2XXX,Central America,301181.0,False
2024-06,3XXX,South America,17723.0,False
2024-07,5200,United Arab Emirates,0.0,False
2024-07,5330,India,189586.0,False
2024-07,5490,Thailand,121781.0,False
2024-07,5520,Vietnam,78361.0,False
2024-07,5570,Malaysia,10928975.0,False
2024-07,5590,Singapore,1661595.0,False
2024-07,5600,Indonesia,0.0,False
2024-07,5650,Philippines,1792442.0,False
2024-07,5700,China,18278647.0,False
2024-07,5800,South Korea,23407925.0,False
2024-07,5820,Hong Kong,69967.0,False
2024-07,5830,Taiwan,21840104.0,False
2024-07,5880,Japan,1933839.0,False
2024-07,6021,Australia,81750.0,False
2024-07,2740,Trinidad And Tobago,0.0,False
2024-07,3330,Peru,0.0,False
2024-07,3350,Bolivia,0.0,False
2024-07,3510,Brazil,0.0,False
2024-07,3570,Argentina,0.0,False
2024-07,4010,Sweden,12433.0,False
2024-07,4039,Norway,0.0,False
2024-07,4050,Finland,0.0,False
2024-07,4099,Denmark,0.0,False
2024-07,4120,United Kingdom,363473.0,False
2024-07,4190,Ireland,146458.0,False
2024-07,4210,Netherlands,277981.0,False
2024-07,4279,France,219756.0,False
2024-07,4280,Germany,1709466.0,False
2024-07,4330,Austria,0.0,False
2024-07,4351,Czech Republic,0.0,False
2024-07,7290,Egypt,0.0,False
2024-07,4359,Slovakia,0.0,False
2024-07,4370,Hungary,19272.0,False
2024-07,4419,Switzerland,11306.0,False
2024-07,4510,Lithuania,0.0,False
2024-07,4550,Poland,42000.0,False
2024-07,4634,Kazakhstan,0.0,False
2024-07,4700,Spain,64941.0,False
2024-07,4710,Portugal,0.0,False
2024-07,4759,Italy,1319936.0,False
2024-07,4840,Greece,0.0,False
2024-07,4850,Romania,0.0,False
2024-07,4870,Bulgaria,0.0,False
2024-07,4890,Turkey,51772.0,False
2024-07,4910,Cyprus,0.0,False
2024-07,5081,Israel,5545807.0,False
2024-07,5170,Saudi Arabia,0.0,False
2024-07,-,Total For All Countries,91279950.0,True
2024-07,0003,European Union,3812243.0,False
2024-07,1XXX,North America,1110377.0,False
2024-07,4XXX,Europe,4238794.0,False
2024-07,7XXX,Africa,0.0,False
2024-07,0014,Pacific Rim Countries,79995244.0,False
2024-07,5XXX,Asia,85849029.0,False
2024-07,0017,Cafta-Dr,0.0,False
2024-07,6XXX,Australia And Oceania,81750.0,False
2024-07,0020,Usmca (Nafta),1110377.0,False
2024-07,0021,Twenty Latin American Republics,953405.0,False
2024-07,0022,Oecd,36318492.0,False
2024-07,0023,Nato,4238002.0,False
2024-07,0024,Lafta,953405.0,False
2024-07,0025,Euro Area,3738538.0,False
2024-07,0026,Apec,81305763.0,False
2024-07,0027,Asean,14583154.0,False
2024-07,0028,Cacm,0.0,False
2024-07,1220,Canada,156972.0,False
2024-07,2010,Mexico,953405.0,False
2024-07,2230,Costa Rica,0.0,False
2024-07,2470,Dominican Republic,0.0,False
2024-07,7910,South Africa,0.0,False
2024-07,2XXX,Central America,0.0,False
2024-07,3XXX,South America,0.0,False
2024-08,5200,United Arab Emirates,30266.0,False
2024-08,5330,India,4783720.0,False
2024-08,5490,Thailand,584798.0,False
2024-08,5520,Vietnam,366554.0,False
2024-08,5570,Malaysia,11732880.0,False
2024-08,5590,Singapore,1423679.0,False
2024-08,5600,Indonesia,0.0,False
2024-08,5650,Philippines,3450834.0,False
2024-08,5700,China,32000909.0,False
2024-08,5800,South Korea,17542486.0,False
2024-08,5820,Hong Kong,2836386.0,False
2024-08,5830,Taiwan,11407864.0,False
2024-08,5880,Japan,4290790.0,False
2024-08,6021,Australia,0.0,False
2024-08,6141,New Zealand,21049.0,False
2024-08,2740,Trinidad And Tobago,0.0,False
2024-08,3330,Peru,0.0,False
2024-08,3350,Bolivia,0.0,False
2024-08,3510,Brazil,48450.0,False
2024-08,3570,Argentina,217136.0,False
2024-08,4010,Sweden,0.0,False
2024-08,4039,Norway,0.0,False
2024-08,4050,Finland,0.0,False
2024-08,4099,Denmark,470834.0,False
2024-08,4120,United Kingdom,122104.0,False
2024-08,4190,Ireland,487485.0,False
2024-08,4210,Netherlands,1214085.0,False
2024-08,4231,Belgium,13995.0,False
2024-08,4279,France,92014.0,False
2024-08,4280,Germany,1736212.0,False
2024-08,4330,Austria,13684.0,False
2024-08,4351,Czech Republic,39079.0,False
2024-08,7290,Egypt,0.0,False
2024-08,2482,British Virgin Islands,11500.0,False
2024-08,4359,Slovakia,0.0,False
2024-08,4370,Hungary,125000.0,False
2024-08,4419,Switzerland,0.0,False
2024-08,4510,Lithuania,39079.0,False
2024-08,4550,Poland,0.0,False
2024-08,4634,Kazakhstan,0.0,False
2024-08,4700,Spain,30505.0,False
2024-08,4710,Portugal,11000.0,False
2024-08,4759,Italy,1380784.0,False
2024-08,4840,Greece,0.0,False
2024-08,4850,Romania,0.0,False
2024-08,4870,Bulgaria,0.0,False
2024-08,4890,Turkey,0.0,False
2024-08,4910,Cyprus,0.0,False
2024-08,5081,Israel,913396.0,False
2024-08,5110,Jordan,35641.0,False
2024-08,5170,Saudi Arabia,0.0,False
2024-08,-,Total For All Countries,99427747.0,True
2024-08,0003,European Union,5653756.0,False
2024-08,1XXX,North America,1944649.0,False
2024-08,4XXX,Europe,5775860.0,False
2024-08,7XXX,Africa,8900.0,False
2024-08,0014,Pacific Rim Countries,84706877.0,False
2024-08,5XXX,Asia,91400203.0,False
2024-08,0017,Cafta-Dr,0.0,False
2024-08,6XXX,Australia And Oceania,21049.0,False
2024-08,0020,Usmca (Nafta),1944649.0,False
2024-08,0021,Twenty Latin American Republics,1992524.0,False
2024-08,0022,Oecd,30488230.0,False
2024-08,0023,Nato,5492402.0,False
2024-08,0024,Lafta,1992524.0,False
2024-08,0025,Euro Area,5018843.0,False
2024-08,0026,Apec,87602878.0,False
2024-08,0027,Asean,17558745.0,False
2024-08,0028,Cacm,0.0,False
2024-08,1220,Canada,217711.0,False
2024-08,2010,Mexico,1726938.0,False
2024-08,2230,Costa Rica,0.0,False
2024-08,2470,Dominican Republic,0.0,False
2024-08,7910,South Africa,8900.0,False
2024-08,2XXX,Central America,11500.0,False
2024-08,3XXX,South America,265586.0,False
2024-09,5200,United Arab Emirates,0.0,False
2024-09,5330,India,842573.0,False
2024-09,5490,Thailand,791600.0,False
2024-09,5520,Vietnam,360602.0,False
2024-09,5570,Malaysia,10560523.0,False
2024-09,5590,Singapore,7033733.0,False
2024-09,5600,Indonesia,0.0,False
2024-09,5650,Philippines,1546142.0,False
2024-09,5700,China,34481449.0,False
2024-09,5800,South Korea,17763752.0,False
2024-09,5820,Hong Kong,1932744.0,False
2024-09,5830,Taiwan,13130378.0,False
2024-09,5880,Japan,1411828.0,False
2024-09,6021,Australia,38717.0,False
2024-09,6141,New Zealand,0.0,False
2024-09,2740,Trinidad And Tobago,0.0,False
2024-09,3330,Peru,0.0,False
2024-09,3350,Bolivia,0.0,False
2024-09,3510,Brazil,0.0,False
2024-09,3550,Uruguay,24365.0,False
2024-09,3570,Argentina,8831.0,False
2024-09,4010,Sweden,213995.0,False
2024-09,4039,Norway,0.0,False
2024-09,4050,Finland,14878.0,False
2024-09,4099,Denmark,122034.0,False
2024-09,4120,United Kingdom,109645.0,False
2024-09,4190,Ireland,334908.0,False
2024-09,4210,Netherlands,249014.0,False
2024-09,4231,Belgium,17525.0,False
2024-09,4239,Luxembourg,16252.0,False
2024-09,4279,France,283578.0,False
2024-09,4280,Germany,1080451.0,False
2024-09,4330,Austria,501039.0,False
2024-09,4351,Czech Republic,0.0,False
2024-09,7290,Egypt,0.0,False
2024-09,2482,British Virgin Islands,0.0,False
2024-09,4359,Slovakia,0.0,False
2024-09,4370,Hungary,0.0,False
2024-09,4419,Switzerland,0.0,False
2024-09,4510,Lithuania,0.0,False
2024-09,4550,Poland,23220.0,False
2024-09,4634,Kazakhstan,0.0,False
2024-09,4700,Spain,42985.0,False
2024-09,4710,Portugal,0.0,False
2024-09,4759,Italy,692173.0,False
2024-09,4840,Greece,0.0,False
2024-09,4850,Romania,0.0,False
2024-09,4870,Bulgaria,0.0,False
2024-09,4890,Turkey,0.0,False
2024-09,4910,Cyprus,0.0,False
2024-09,5081,Israel,108906.0,False
2024-09,5110,Jordan,0.0,False
2024-09,5170,Saudi Arabia,0.0,False
2024-09,-,Total For All Countries,95978598.0,True
2024-09,0003,European Union,3592052.0,False
2024-09,1XXX,North America,2118447.0,False
2024-09,4XXX,Europe,3701697.0,False
2024-09,7XXX,Africa,0.0,False
2024-09,0014,Pacific Rim Countries,87899266.0,False
2024-09,5XXX,Asia,89964230.0,False
2024-09,0017,Cafta-Dr,122311.0,False
2024-09,6XXX,Australia And Oceania,38717.0,False
2024-09,0020,Usmca (Nafta),2118447.0,False
2024-09,0021,Twenty Latin American Republics,2107060.0,False
2024-09,0022,Oecd,25265658.0,False
2024-09,0023,Nato,3032644.0,False
2024-09,0024,Lafta,1984749.0,False
2024-09,0025,Euro Area,3232803.0,False
2024-09,0026,Apec,91169915.0,False
2024-09,0027,Asean,20292600.0,False
2024-09,0028,Cacm,122311.0,False
2024-09,1220,Canada,166894.0,False
2024-09,2010,Mexico,1951553.0,False
2024-09,2230,Costa Rica,122311.0,False
2024-09,2470,Dominican Republic,0.0,False
2024-09,7910,South Africa,0.0,False
2024-09,2XXX,Central America,122311.0,False
2024-09,3XXX,South America,33196.0,False
2024-10,5200,United Arab Emirates,0.0,False
2024-10,5330,India,4981552.0,False
2024-10,5490,Thailand,508225.0,False
2024-10,5520,Vietnam,299092.0,False
2024-10,5570,Malaysia,16814999.0,False
2024-10,5590,Singapore,4728994.0,False
2024-10,5600,Indonesia,0.0,False
2024-10,5650,Philippines,2376755.0,False
2024-10,5700,China,25685148.0,False
2024-10,5800,South Korea,10058722.0,False
2024-10,5820,Hong Kong,871577.0,False
2024-10,5830,Taiwan,17443350.0,False
2024-10,5880,Japan,5465189.0,False
2024-10,6021,Australia,0.0,False
2024-10,6141,New Zealand,0.0,False
2024-10,2740,Trinidad And Tobago,0.0,False
2024-10,3010,Colombia,54400.0,False
2024-10,3330,Peru,0.0,False
2024-10,3350,Bolivia,0.0,False
2024-10,3510,Brazil,0.0,False
2024-10,3550,Uruguay,0.0,False
2024-10,3570,Argentina,0.0,False
2024-10,4010,Sweden,200000.0,False
2024-10,4039,Norway,0.0,False
2024-10,4050,Finland,0.0,False
2024-10,4099,Denmark,10000.0,False
2024-10,4120,United Kingdom,2154833.0,False
2024-10,4190,Ireland,5567173.0,False
2024-10,4210,Netherlands,392073.0,False
2024-10,4231,Belgium,910418.0,False
2024-10,4239,Luxembourg,0.0,False
2024-10,4279,France,213803.0,False
2024-10,4280,Germany,1919118.0,False
2024-10,4330,Austria,0.0,False
2024-10,4351,Czech Republic,298139.0,False
2024-10,7140,Morocco,10995.0,False
2024-10,7290,Egypt,0.0,False
2024-10,2482,British Virgin Islands,0.0,False
2024-10,4359,Slovakia,0.0,False
2024-10,4370,Hungary,0.0,False
2024-10,4419,Switzerland,62090.0,False
2024-10,4510,Lithuania,0.0,False
2024-10,4550,Poland,0.0,False
2024-10,4634,Kazakhstan,0.0,False
2024-10,4700,Spain,40158.0,False
2024-10,4710,Portugal,0.0,False
2024-10,4759,Italy,1953341.0,False
2024-10,4840,Greece,0.0,False
2024-10,4850,Romania,0.0,False
2024-10,4870,Bulgaria,0.0,False
2024-10,4890,Turkey,55734.0,False
2024-10,4910,Cyprus,14984.0,False
2024-10,5081,Israel,7522434.0,False
2024-10,5110,Jordan,0.0,False
2024-10,5170,Saudi Arabia,17965.0,False
2024-10,5180,Qatar,15520.0,False
2024-10,-,Total For All Countries,112315113.0,True
2024-10,0003,European Union,11519207.0,False
2024-10,1XXX,North America,1422336.0,False
2024-10,4XXX,Europe,13791864.0,False
2024-10,7XXX,Africa,10995.0,False
2024-10,0014,Pacific Rim Countries,83444734.0,False
2024-10,5XXX,Asia,96789522.0,False
2024-10,0017,Cafta-Dr,245996.0,False
2024-10,6XXX,Australia And Oceania,0.0,False
2024-10,0020,Usmca (Nafta),1422336.0,False
2024-10,0021,Twenty Latin American Republics,1559546.0,False
2024-10,0022,Oecd,38545957.0,False
2024-10,0023,Nato,8310803.0,False
2024-10,0024,Lafta,1313550.0,False
2024-10,0025,Euro Area,11011068.0,False
2024-10,0026,Apec,85674387.0,False
2024-10,0027,Asean,24728065.0,False
2024-10,0028,Cacm,245996.0,False
2024-10,1220,Canada,163186.0,False
2024-10,2010,Mexico,1259150.0,False
2024-10,2230,Costa Rica,245996.0,False
2024-10,2470,Dominican Republic,0.0,False
2024-10,7910,South Africa,0.0,False
2024-10,2XXX,Central America,245996.0,False
2024-10,3XXX,South America,54400.0,False
2024-11,5200,United Arab Emirates,27722.0,False
2024-11,5330,India,489856.0,False
2024-11,5490,Thailand,341302.0,False
2024-11,5520,Vietnam,492948.0,False
2024-11,5570,Malaysia,4431001.0,False
2024-11,5590,Singapore,4746917.0,False
2024-11,5600,Indonesia,26425.0,False
2024-11,5650,Philippines,2994772.0,False
2024-11,5700,China,23579126.0,False
2024-11,5800,South Korea,26384405.0,False
2024-11,5820,Hong Kong,580364.0,False
2024-11,5830,Taiwan,24418146.0,False
2024-11,5880,Japan,7120818.0,False
2024-11,6021,Australia,39087.0,False
2024-11,6141,New Zealand,63326.0,False
2024-11,2740,Trinidad And Tobago,0.0,False
2024-11,3010,Colombia,0.0,False
2024-11,3330,Peru,0.0,False
2024-11,3350,Bolivia,0.0,False
2024-11,3510,Brazil,0.0,False
2024-11,3550,Uruguay,0.0,False
2024-11,3570,Argentina,0.0,False
2024-11,4010,Sweden,10092.0,False
2024-11,4039,Norway,0.0,False
2024-11,4050,Finland,892857.0,False
2024-11,4099,Denmark,154339.0,False
2024-11,4120,United Kingdom,164798.0,False
2024-11,4190,Ireland,60570.0,False
2024-11,4210,Netherlands,671347.0,False
2024-11,4231,Belgium,0.0,False
2024-11,4239,Luxembourg,0.0,False
2024-11,4279,France,370441.0,False
2024-11,4280,Germany,5232363.0,False
2024-11,4330,Austria,23220.0,False
2024-11,4351,Czech Republic,0.0,False
2024-11,7140,Morocco,0.0,False
2024-11,7290,Egypt,0.0,False
2024-11,2482,British Virgin Islands,0.0,False
2024-11,4359,Slovakia,0.0,False
2024-11,4370,Hungary,181860.0,False
2024-11,4419,Switzerland,100000.0,False
2024-11,4510,Lithuania,0.0,False
2024-11,4550,Poland,15820.0,False
2024-11,4623,Ukraine,21098.0,False
2024-11,4634,Kazakhstan,0.0,False
2024-11,4700,Spain,66117.0,False
2024-11,4710,Portugal,8900.0,False
2024-11,4759,Italy,2859532.0,False
2024-11,4840,Greece,0.0,False
2024-11,4850,Romania,23220.0,False
2024-11,4870,Bulgaria,0.0,False
2024-11,4890,Turkey,0.0,False
2024-11,4910,Cyprus,0.0,False
2024-11,5081,Israel,107739.0,False
2024-11,5110,Jordan,0.0,False
2024-11,5170,Saudi Arabia,16561.0,False
2024-11,5180,Qatar,0.0,False
2024-11,-,Total For All Countries,112006279.0,True
2024-11,0003,European Union,10570678.0,False
2024-11,1XXX,North America,5289190.0,False
2024-11,4XXX,Europe,10856574.0,False
2024-11,7XXX,Africa,0.0,False
2024-11,0014,Pacific Rim Countries,94384387.0,False
2024-11,5XXX,Asia,95758102.0,False
2024-11,0017,Cafta-Dr,0.0,False
2024-11,6XXX,Australia And Oceania,102413.0,False
2024-11,0020,Usmca (Nafta),5289190.0,False
2024-11,0021,Twenty Latin American Republics,4827809.0,False
2024-11,0022,Oecd,49816821.0,False
2024-11,0023,Nato,11113067.0,False
2024-11,0024,Lafta,4827809.0,False
2024-11,0025,Euro Area,10185347.0,False
2024-11,0026,Apec,100507827.0,False
2024-11,0027,Asean,13033365.0,False
2024-11,0028,Cacm,0.0,False
2024-11,1220,Canada,461381.0,False
2024-11,2010,Mexico,4827809.0,False
2024-11,2230,Costa Rica,0.0,False
2024-11,2470,Dominican Republic,0.0,False
2024-11,7910,South Africa,0.0,False
2024-11,2XXX,Central America,0.0,False
2024-11,3XXX,South America,0.0,False
2024-12,5200,United Arab Emirates,9000.0,False
2024-12,5330,India,1770025.0,False
2024-12,5490,Thailand,413644.0,False
2024-12,5520,Vietnam,476250.0,False
2024-12,5570,Malaysia,5150015.0,False
2024-12,5590,Singapore,6956271.0,False
2024-12,5600,Indonesia,0.0,False
2024-12,5650,Philippines,3127688.0,False
2024-12,5700,China,21307857.0,False
2024-12,5800,South Korea,45967895.0,False
2024-12,5820,Hong Kong,224628.0,False
2024-12,5830,Taiwan,24932235.0,False
2024-12,5880,Japan,14240929.0,False
2024-12,6021,Australia,0.0,False
2024-12,6141,New Zealand,0.0,False
2024-12,2740,Trinidad And Tobago,0.0,False
2024-12,3010,Colombia,0.0,False
2024-12,3330,Peru,0.0,False
2024-12,3350,Bolivia,0.0,False
2024-12,3510,Brazil,198067.0,False
2024-12,3550,Uruguay,0.0,False
2024-12,3570,Argentina,18297.0,False
2024-12,4010,Sweden,0.0,False
2024-12,4039,Norway,0.0,False
2024-12,4050,Finland,904167.0,False
2024-12,4099,Denmark,72590.0,False
2024-12,4120,United Kingdom,1997017.0,False
2024-12,4190,Ireland,549676.0,False
2024-12,4210,Netherlands,19782.0,False
2024-12,4231,Belgium,36058.0,False
2024-12,4239,Luxembourg,0.0,False
2024-12,4279,France,882463.0,False
2024-12,4280,Germany,1523623.0,False
2024-12,4330,Austria,16000.0,False
2024-12,4351,Czech Republic,60000.0,False
2024-12,7140,Morocco,0.0,False
2024-12,7290,Egypt,0.0,False
2024-12,7749,Ethiopia,30338.0,False
2024-12,2482,British Virgin Islands,0.0,False
2024-12,4359,Slovakia,0.0,False
2024-12,4370,Hungary,0.0,False
2024-12,4419,Switzerland,22451.0,False
2024-12,4510,Lithuania,0.0,False
2024-12,4550,Poland,143099.0,False
2024-12,4623,Ukraine,0.0,False
2024-12,4634,Kazakhstan,0.0,False
2024-12,4700,Spain,0.0,False
2024-12,4710,Portugal,0.0,False
2024-12,4759,Italy,1134929.0,False
2024-12,4840,Greece,0.0,False
2024-12,4850,Romania,0.0,False
2024-12,4870,Bulgaria,10995.0,False
2024-12,4890,Turkey,0.0,False
2024-12,4910,Cyprus,0.0,False
2024-12,5081,Israel,755386.0,False
2024-12,5110,Jordan,0.0,False
2024-12,5170,Saudi Arabia,75980.0,False
2024-12,5180,Qatar,0.0,False
2024-12,-,Total For All Countries,134238851.0,True
2024-12,0003,European Union,5353382.0,False
2024-12,1XXX,North America,1181496.0,False
2024-12,4XXX,Europe,7372850.0,False
2024-12,7XXX,Africa,30338.0,False
2024-12,0014,Pacific Rim Countries,121907518.0,False
2024-12,5XXX,Asia,125407803.0,False
2024-12,0017,Cafta-Dr,30000.0,False
2024-12,6XXX,Australia And Oceania,0.0,False
2024-12,0020,Usmca (Nafta),1181496.0,False
2024-12,0021,Twenty Latin American Republics,684088.0,False
2024-12,0022,Oecd,69537561.0,False
2024-12,0023,Nato,7528495.0,False
2024-12,0024,Lafta,654088.0,False
2024-12,0025,Euro Area,5066698.0,False
2024-12,0026,Apec,123978908.0,False
2024-12,0027,Asean,16123868.0,False
2024-12,0028,Cacm,30000.0,False
2024-12,1220,Canada,743772.0,False
2024-12,2010,Mexico,437724.0,False
2024-12,2230,Costa Rica,30000.0,False
2024-12,2470,Dominican Republic,0.0,False
2024-12,7910,South Africa,0.0,False
2024-12,2XXX,Central America,30000.0,False
2024-12,3XXX,South America,216364.0,False
2025-01,5330,India,359110.0,False
2025-01,5490,Thailand,459470.0,False
2025-01,5520,Vietnam,368827.0,False
2025-01,5570,Malaysia,6994205.0,False
2025-01,5590,Singapore,873122.0,False
2025-01,5650,Philippines,2342552.0,False
2025-01,5700,China,16718705.0,False
2025-01,5800,South Korea,13126121.0,False
2025-01,5820,Hong Kong,144804.0,False
2025-01,5830,Taiwan,15779711.0,False
2025-01,5880,Japan,3758945.0,False
2025-01,6021,Australia,14461.0,False
2025-01,4050,Finland,11310.0,False
2025-01,4099,Denmark,1345651.0,False
2025-01,4120,United Kingdom,95515.0,False
2025-01,4190,Ireland,74712.0,False
2025-01,4210,Netherlands,461931.0,False
2025-01,4279,France,855540.0,False
2025-01,4280,Germany,3370948.0,False
2025-01,4330,Austria,2473963.0,False
2025-01,4370,Hungary,19718.0,False
2025-01,4419,Switzerland,515260.0,False
2025-01,4634,Kazakhstan,50049.0,False
2025-01,4700,Spain,39945.0,False
2025-01,4759,Italy,822633.0,False
2025-01,4840,Greece,11955.0,False
2025-01,5081,Israel,388775.0,False
2025-01,-,Total For All Countries,72286283.0,True
2025-01,0003,European Union,9488306.0,False
2025-01,1XXX,North America,761145.0,False
2025-01,4XXX,Europe,10149130.0,False
2025-01,0014,Pacific Rim Countries,59752626.0,False
2025-01,5XXX,Asia,61314347.0,False
2025-01,0017,Cafta-Dr,47200.0,False
2025-01,6XXX,Australia And Oceania,14461.0,False
2025-01,0020,Usmca (Nafta),761145.0,False
2025-01,0021,Twenty Latin American Republics,808345.0,False
2025-01,0022,Oecd,28195728.0,False
2025-01,0023,Nato,7035146.0,False
2025-01,0024,Lafta,761145.0,False
2025-01,0025,Euro Area,8122937.0,False
2025-01,0026,Apec,61342068.0,False
2025-01,0027,Asean,11038176.0,False
2025-01,0028,Cacm,47200.0,False
2025-01,2010,Mexico,761145.0,False
2025-01,2230,Costa Rica,47200.0,False
2025-01,2XXX,Central America,47200.0,False
2025-02,5330,India,3447930.0,False
2025-02,5490,Thailand,452119.0,False
2025-02,5520,Vietnam,737323.0,False
2025-02,5570,Malaysia,3731844.0,False
2025-02,5590,Singapore,3683560.0,False
2025-02,5650,Philippines,2560088.0,False
2025-02,5700,China,34142025.0,False
2025-02,5800,South Korea,51910061.0,False
2025-02,5820,Hong Kong,38900.0,False
2025-02,5830,Taiwan,17381277.0,False
2025-02,5880,Japan,10938339.0,False
2025-02,6021,Australia,0.0,False
2025-02,3510,Brazil,45987.0,False
2025-02,4050,Finland,11310.0,False
2025-02,4099,Denmark,39550.0,False
2025-02,4120,United Kingdom,221933.0,False
2025-02,4190,Ireland,369594.0,False
2025-02,4210,Netherlands,192670.0,False
2025-02,4279,France,28415.0,False
2025-02,4280,Germany,2972971.0,False
2025-02,4330,Austria,0.0,False
2025-02,4370,Hungary,0.0,False
2025-02,4419,Switzerland,359233.0,False
2025-02,4634,Kazakhstan,0.0,False
2025-02,4700,Spain,42735.0,False
2025-02,4759,Italy,529168.0,False
2025-02,4840,Greece,0.0,False
2025-02,4890,Turkey,90965.0,False
2025-02,5081,Israel,1577543.0,False
2025-02,-,Total For All Countries,137874171.0,True
2025-02,0003,European Union,4186413.0,False
2025-02,1XXX,North America,2230802.0,False
2025-02,4XXX,Europe,4858544.0,False
2025-02,0014,Pacific Rim Countries,124386094.0,False
2025-02,5XXX,Asia,130601009.0,False
2025-02,0017,Cafta-Dr,137829.0,False
2025-02,6XXX,Australia And Oceania,0.0,False
2025-02,0020,Usmca (Nafta),2230802.0,False
2025-02,0021,Twenty Latin American Republics,2279617.0,False
2025-02,0022,Oecd,71653118.0,False
2025-02,0023,Nato,4264718.0,False
2025-02,0024,Lafta,2141788.0,False
2025-02,0025,Euro Area,4146863.0,False
2025-02,0026,Apec,127806338.0,False
2025-02,0027,Asean,11164934.0,False
2025-02,0028,Cacm,137829.0,False
2025-02,1220,Canada,135001.0,False
2025-02,2010,Mexico,2095801.0,False
2025-02,2230,Costa Rica,137829.0,False
2025-02,2XXX,Central America,137829.0,False
2025-02,3XXX,South America,45987.0,False
2025-03,5330,India,2472306.0,False
2025-03,5490,Thailand,665266.0,False
2025-03,5520,Vietnam,700014.0,False
2025-03,5570,Malaysia,3046531.0,False
2025-03,5590,Singapore,4218557.0,False
2025-03,5650,Philippines,1680743.0,False
2025-03,5700,China,30292396.0,False
2025-03,5800,South Korea,42147318.0,False
2025-03,5820,Hong Kong,59936.0,False
2025-03,5830,Taiwan,14231748.0,False
2025-03,5880,Japan,7945593.0,False
2025-03,6021,Australia,19044.0,False
2025-03,3510,Brazil,15000.0,False
2025-03,4050,Finland,33500.0,False
2025-03,4099,Denmark,0.0,False
2025-03,4120,United Kingdom,524658.0,False
2025-03,4190,Ireland,236756.0,False
2025-03,4210,Netherlands,696501.0,False
2025-03,4279,France,52733.0,False
2025-03,4280,Germany,2168625.0,False
2025-03,4330,Austria,0.0,False
2025-03,4370,Hungary,0.0,False
2025-03,4419,Switzerland,42050.0,False
2025-03,4634,Kazakhstan,0.0,False
2025-03,4700,Spain,82547.0,False
2025-03,4759,Italy,843671.0,False
2025-03,4840,Greece,45646.0,False
2025-03,4890,Turkey,0.0,False
2025-03,5081,Israel,805330.0,False
2025-03,-,Total For All Countries,114166643.0,True
2025-03,0003,European Union,4159979.0,False
2025-03,1XXX,North America,1080174.0,False
2025-03,4XXX,Europe,4726687.0,False
2025-03,0014,Pacific Rim Countries,103641866.0,False
2025-03,5XXX,Asia,108265738.0,False
2025-03,0017,Cafta-Dr,60000.0,False
2025-03,6XXX,Australia And Oceania,19044.0,False
2025-03,0020,Usmca (Nafta),1080174.0,False
2025-03,0021,Twenty Latin American Republics,1024331.0,False
2025-03,0022,Oecd,56784146.0,False
2025-03,0023,Nato,4578724.0,False
2025-03,0024,Lafta,964331.0,False
2025-03,0025,Euro Area,4159979.0,False
2025-03,0026,Apec,106087320.0,False
2025-03,0027,Asean,10311111.0,False
2025-03,0028,Cacm,60000.0,False
2025-03,1220,Canada,130843.0,False
2025-03,2010,Mexico,949331.0,False
2025-03,2230,Costa Rica,60000.0,False
2025-03,2XXX,Central America,60000.0,False
2025-03,3XXX,South America,15000.0,False
2025-04,5200,United Arab Emirates,45740.0,False
2025-04,5330,India,472899.0,False
2025-04,5490,Thailand,369850.0,False
2025-04,5520,Vietnam,677619.0,False
2025-04,5570,Malaysia,10767446.0,False
2025-04,5590,Singapore,2279252.0,False
2025-04,5650,Philippines,1586833.0,False
2025-04,5700,China,13227574.0,False
2025-04,5800,South Korea,27542290.0,False
2025-04,5820,Hong Kong,375160.0,False
2025-04,5830,Taiwan,16032983.0,False
2025-04,5880,Japan,2856076.0,False
2025-04,6021,Australia,0.0,False
2025-04,3510,Brazil,0.0,False
2025-04,4010,Sweden,34566.0,False
2025-04,4039,Norway,20760.0,False
2025-04,4050,Finland,0.0,False
2025-04,4099,Denmark,812000.0,False
2025-04,4120,United Kingdom,382621.0,False
2025-04,4190,Ireland,718382.0,False
2025-04,4210,Netherlands,151084.0,False
2025-04,4279,France,167058.0,False
2025-04,4280,Germany,1421635.0,False
2025-04,4330,Austria,0.0,False
2025-04,4370,Hungary,0.0,False
2025-04,4419,Switzerland,0.0,False
2025-04,4634,Kazakhstan,0.0,False
2025-04,4700,Spain,0.0,False
2025-04,4759,Italy,770636.0,False
2025-04,4801,Serbia,19000.0,False
2025-04,4840,Greece,0.0,False
2025-04,4890,Turkey,12699.0,False
2025-04,5081,Israel,841997.0,False
2025-04,-,Total For All Countries,83605916.0,True
2025-04,0003,European Union,4075361.0,False
2025-04,1XXX,North America,1353386.0,False
2025-04,4XXX,Europe,4510441.0,False
2025-04,0014,Pacific Rim Countries,74667614.0,False
2025-04,5XXX,Asia,77075719.0,False
2025-04,0017,Cafta-Dr,666370.0,False
2025-04,6XXX,Australia And Oceania,0.0,False
2025-04,0020,Usmca (Nafta),1353386.0,False
2025-04,0021,Twenty Latin American Republics,2019756.0,False
2025-04,0022,Oecd,37751560.0,False
2025-04,0023,Nato,3773059.0,False
2025-04,0024,Lafta,1353386.0,False
2025-04,0025,Euro Area,3228795.0,False
2025-04,0026,Apec,77068469.0,False
2025-04,0027,Asean,15681000.0,False
2025-04,0028,Cacm,666370.0,False
2025-04,1220,Canada,0.0,False
2025-04,2010,Mexico,1353386.0,False
2025-04,2230,Costa Rica,666370.0,False
2025-04,2XXX,Central America,666370.0,False
2025-04,3XXX,South America,0.0,False
2025-05,5200,United Arab Emirates,19832.0,False
2025-05,5330,India,553775.0,False
2025-05,5490,Thailand,287992.0,False
2025-05,5520,Vietnam,525122.0,False
2025-05,5570,Malaysia,6929331.0,False
2025-05,5590,Singapore,5809934.0,False
2025-05,5650,Philippines,5995342.0,False
2025-05,5700,China,11904199.0,False
2025-05,5800,South Korea,26111071.0,False
2025-05,5820,Hong Kong,707961.0,False
2025-05,5830,Taiwan,25353119.0,False
2025-05,5880,Japan,7130147.0,False
2025-05,6021,Australia,74148.0,False
2025-05,3510,Brazil,0.0,False
2025-05,4010,Sweden,87438.0,False
2025-05,4039,Norway,0.0,False
2025-05,4050,Finland,38000.0,False
2025-05,4099,Denmark,0.0,False
2025-05,4120,United Kingdom,1570055.0,False
2025-05,4190,Ireland,365200.0,False
2025-05,4210,Netherlands,0.0,False
2025-05,4231,Belgium,53456.0,False
2025-05,4279,France,116652.0,False
2025-05,4280,Germany,1069442.0,False
2025-05,4330,Austria,618190.0,False
2025-05,4370,Hungary,508544.0,False
2025-05,4419,Switzerland,1565509.0,False
2025-05,4634,Kazakhstan,0.0,False
2025-05,4700,Spain,0.0,False
2025-05,4710,Portugal,16400.0,False
2025-05,4759,Italy,412406.0,False
2025-05,4801,Serbia,0.0,False
2025-05,4840,Greece,0.0,False
2025-05,4890,Turkey,0.0,False
2025-05,5081,Israel,198667.0,False
2025-05,-,Total For All Countries,103212851.0,True
2025-05,0003,European Union,3285728.0,False
2025-05,1XXX,North America,5190919.0,False
2025-05,4XXX,Europe,6421292.0,False
2025-05,0014,Pacific Rim Countries,90015252.0,False
2025-05,5XXX,Asia,91526492.0,False
2025-05,0017,Cafta-Dr,0.0,False
2025-05,6XXX,Australia And Oceania,74148.0,False
2025-05,0020,Usmca (Nafta),5190919.0,False
2025-05,0021,Twenty Latin American Republics,1973527.0,False
2025-05,0022,Oecd,45126244.0,False
2025-05,0023,Nato,7089785.0,False
2025-05,0024,Lafta,1973527.0,False
2025-05,0025,Euro Area,2689746.0,False
2025-05,0026,Apec,96019285.0,False
2025-05,0027,Asean,19547721.0,False
2025-05,0028,Cacm,0.0,False
2025-05,1220,Canada,3217392.0,False
2025-05,2010,Mexico,1973527.0,False
2025-05,2230,Costa Rica,0.0,False
2025-05,2XXX,Central America,0.0,False
2025-05,3XXX,South America,0.0,False
2025-06,5200,United Arab Emirates,0.0,False
2025-06,5330,India,660077.0,False
2025-06,5490,Thailand,1436632.0,False
2025-06,5520,Vietnam,800853.0,False
2025-06,5570,Malaysia,4537214.0,False
2025-06,5590,Singapore,4257129.0,False
2025-06,5650,Philippines,2782750.0,False
2025-06,5700,China,13767940.0,False
2025-06,5800,South Korea,34494282.0,False
2025-06,5820,Hong Kong,63271.0,False
2025-06,5830,Taiwan,54069433.0,False
2025-06,5880,Japan,5439036.0,False
2025-06,6021,Australia,164432.0,False
2025-06,3010,Colombia,8931.0,False
2025-06,3310,Ecuador,8900.0,False
2025-06,3510,Brazil,0.0,False
2025-06,4010,Sweden,118231.0,False
2025-06,4039,Norway,52375.0,False
2025-06,4050,Finland,12836947.0,False
2025-06,4091,Faroe Islands,70000.0,False
2025-06,4099,Denmark,35460.0,False
2025-06,4120,United Kingdom,210148.0,False
2025-06,4190,Ireland,1468792.0,False
2025-06,4210,Netherlands,420489.0,False
2025-06,4231,Belgium,0.0,False
2025-06,4279,France,570717.0,False
2025-06,4280,Germany,2783751.0,False
2025-06,4330,Austria,137708.0,False
2025-06,7230,Tunisia,8510.0,False
2025-06,4370,Hungary,454232.0,False
2025-06,4419,Switzerland,0.0,False
2025-06,4634,Kazakhstan,0.0,False
2025-06,4700,Spain,50711.0,False
2025-06,4710,Portugal,169810.0,False
2025-06,4759,Italy,2627242.0,False
2025-06,4801,Serbia,0.0,False
2025-06,4840,Greece,0.0,False
2025-06,4890,Turkey,0.0,False
2025-06,5081,Israel,338382.0,False
2025-06,-,Total For All Countries,146272947.0,True
2025-06,0003,European Union,21674090.0,False
2025-06,1XXX,North America,1383592.0,False
2025-06,4XXX,Europe,22006613.0,False
2025-06,7XXX,Africa,8510.0,False
2025-06,0014,Pacific Rim Countries,119575487.0,False
2025-06,5XXX,Asia,122646999.0,False
2025-06,0017,Cafta-Dr,44970.0,False
2025-06,6XXX,Australia And Oceania,164432.0,False
2025-06,0020,Usmca (Nafta),1383592.0,False
2025-06,0021,Twenty Latin American Republics,1446393.0,False
2025-06,0022,Oecd,63810238.0,False
2025-06,0023,Nato,20330113.0,False
2025-06,0024,Lafta,1401423.0,False
2025-06,0025,Euro Area,21066167.0,False
2025-06,0026,Apec,123196564.0,False
2025-06,0027,Asean,13814578.0,False
2025-06,0028,Cacm,44970.0,False
2025-06,1220,Canada,0.0,False
2025-06,2010,Mexico,1383592.0,False
2025-06,2230,Costa Rica,44970.0,False
2025-06,2XXX,Central America,44970.0,False
2025-06,3XXX,South America,17831.0,False
2025-07,5200,United Arab Emirates,23926.0,False
2025-07,5330,India,2859016.0,False
2025-07,5490,Thailand,2634162.0,False
2025-07,5520,Vietnam,963162.0,False
2025-07,5570,Malaysia,7200538.0,False
2025-07,5590,Singapore,2447070.0,False
2025-07,5650,Philippines,2674233.0,False
2025-07,5700,China,11317440.0,False
2025-07,5800,South Korea,30950709.0,False
2025-07,5820,Hong Kong,101860.0,False
2025-07,5830,Taiwan,23660558.0,False
2025-07,5880,Japan,9532385.0,False
2025-07,6021,Australia,0.0,False
2025-07,3010,Colombia,0.0,False
2025-07,3310,Ecuador,0.0,False
2025-07,3510,Brazil,128906.0,False
2025-07,4010,Sweden,154435.0,False
2025-07,4039,Norway,0.0,False
2025-07,4050,Finland,0.0,False
2025-07,4091,Faroe Islands,0.0,False
2025-07,4099,Denmark,9929.0,False
2025-07,4120,United Kingdom,189029.0,False
2025-07,4190,Ireland,137381.0,False
2025-07,4210,Netherlands,128532.0,False
2025-07,4231,Belgium,0.0,False
2025-07,4279,France,278202.0,False
2025-07,4280,Germany,2102947.0,False
2025-07,4330,Austria,64179.0,False
2025-07,4351,Czech Republic,80000.0,False
2025-07,7230,Tunisia,0.0,False
2025-07,4370,Hungary,0.0,False
2025-07,4419,Switzerland,38200.0,False
2025-07,4634,Kazakhstan,0.0,False
2025-07,4700,Spain,19744.0,False
2025-07,4710,Portugal,123564.0,False
2025-07,4759,Italy,823511.0,False
2025-07,4791,Croatia,393891.0,False
2025-07,4801,Serbia,0.0,False
2025-07,4840,Greece,0.0,False
2025-07,4890,Turkey,0.0,False
2025-07,5081,Israel,636449.0,False
2025-07,-,Total For All Countries,106471690.0,True
2025-07,0003,European Union,4316315.0,False
2025-07,1XXX,North America,6749332.0,False
2025-07,4XXX,Europe,4543544.0,False
2025-07,7XXX,Africa,0.0,False
2025-07,0014,Pacific Rim Countries,87884793.0,False
2025-07,5XXX,Asia,95001508.0,False
2025-07,0017,Cafta-Dr,48400.0,False
2025-07,6XXX,Australia And Oceania,0.0,False
2025-07,0020,Usmca (Nafta),6749332.0,False
2025-07,0021,Twenty Latin American Republics,6926638.0,False
2025-07,0022,Oecd,52018528.0,False
2025-07,0023,Nato,4303784.0,False
2025-07,0024,Lafta,6878238.0,False
2025-07,0025,Euro Area,4071951.0,False
2025-07,0026,Apec,98231449.0,False
2025-07,0027,Asean,15919165.0,False
2025-07,0028,Cacm,48400.0,False
2025-07,1220,Canada,0.0,False
2025-07,2010,Mexico,6749332.0,False
2025-07,2150,Honduras,48400.0,False
2025-07,2230,Costa Rica,0.0,False
2025-07,2XXX,Central America,48400.0,False
2025-07,3XXX,South America,128906.0,False
2025-08,5200,United Arab Emirates,23918.0,False
2025-08,5330,India,1640433.0,False
2025-08,5490,Thailand,887978.0,False
2025-08,5520,Vietnam,722339.0,False
2025-08,5570,Malaysia,4653280.0,False
2025-08,5590,Singapore,9368686.0,False
2025-08,5650,Philippines,3679549.0,False
2025-08,5700,China,25702558.0,False
2025-08,5800,South Korea,32214397.0,False
2025-08,5820,Hong Kong,95172.0,False
2025-08,5830,Taiwan,12652056.0,False
2025-08,5880,Japan,4170691.0,False
2025-08,6021,Australia,116074.0,False
2025-08,3010,Colombia,0.0,False
2025-08,3310,Ecuador,0.0,False
2025-08,3510,Brazil,0.0,False
2025-08,4010,Sweden,0.0,False
2025-08,4039,Norway,0.0,False
2025-08,4050,Finland,0.0,False
2025-08,4091,Faroe Islands,0.0,False
2025-08,4099,Denmark,42863.0,False
2025-08,4120,United Kingdom,3753620.0,False
2025-08,4190,Ireland,768355.0,False
2025-08,4210,Netherlands,283630.0,False
2025-08,4231,Belgium,82794.0,False
2025-08,4279,France,515345.0,False
2025-08,4280,Germany,2735532.0,False
2025-08,4330,Austria,56527.0,False
2025-08,4351,Czech Republic,0.0,False
2025-08,7140,Morocco,76010.0,False
2025-08,7230,Tunisia,0.0,False
2025-08,4370,Hungary,32800.0,False
2025-08,4419,Switzerland,55150.0,False
2025-08,4634,Kazakhstan,0.0,False
2025-08,4700,Spain,0.0,False
2025-08,4710,Portugal,0.0,False
2025-08,4759,Italy,533076.0,False
2025-08,4791,Croatia,0.0,False
2025-08,4801,Serbia,0.0,False
2025-08,4840,Greece,0.0,False
2025-08,4890,Turkey,0.0,False
2025-08,5081,Israel,1946222.0,False
2025-08,-,Total For All Countries,114983533.0,True
2025-08,0003,European Union,5050922.0,False
2025-08,1XXX,North America,8070415.0,False
2025-08,4XXX,Europe,8859692.0,False
2025-08,7XXX,Africa,76010.0,False
2025-08,0014,Pacific Rim Countries,92652463.0,False
2025-08,5XXX,Asia,97757279.0,False
2025-08,0017,Cafta-Dr,104063.0,False
2025-08,6XXX,Australia And Oceania,116074.0,False
2025-08,0020,Usmca (Nafta),8070415.0,False
2025-08,0021,Twenty Latin American Republics,3693014.0,False
2025-08,0022,Oecd,55481554.0,False
2025-08,0023,Nato,12461124.0,False
2025-08,0024,Lafta,3588951.0,False
2025-08,0025,Euro Area,4975259.0,False
2025-08,0026,Apec,102333195.0,False
2025-08,0027,Asean,19311832.0,False
2025-08,0028,Cacm,104063.0,False
2025-08,1220,Canada,4481464.0,False
2025-08,2010,Mexico,3588951.0,False
2025-08,2150,Honduras,0.0,False
2025-08,2230,Costa Rica,104063.0,False
2025-08,2XXX,Central America,104063.0,False
2025-08,3XXX,South America,0.0,False
2025-09,5200,United Arab Emirates,0.0,False
2025-09,5330,India,1203161.0,False
2025-09,5490,Thailand,253215.0,False
2025-09,5520,Vietnam,249540.0,False
2025-09,5570,Malaysia,4240121.0,False
2025-09,5590,Singapore,5632257.0,False
2025-09,5650,Philippines,4979413.0,False
2025-09,5700,China,9679413.0,False
2025-09,5800,South Korea,39153700.0,False
2025-09,5820,Hong Kong,1053316.0,False
2025-09,5830,Taiwan,13127604.0,False
2025-09,5880,Japan,2625309.0,False
2025-09,6021,Australia,0.0,False
2025-09,6141,New Zealand,17500.0,False
2025-09,3010,Colombia,0.0,False
2025-09,3310,Ecuador,0.0,False
2025-09,3510,Brazil,0.0,False
2025-09,4010,Sweden,9450.0,False
2025-09,4039,Norway,0.0,False
2025-09,4050,Finland,0.0,False
2025-09,4091,Faroe Islands,0.0,False
2025-09,4099,Denmark,28375.0,False
2025-09,4120,United Kingdom,360471.0,False
2025-09,4190,Ireland,4560923.0,False
2025-09,4210,Netherlands,589068.0,False
2025-09,4231,Belgium,28900.0,False
2025-09,4279,France,141575.0,False
2025-09,4280,Germany,1784064.0,False
2025-09,4330,Austria,0.0,False
2025-09,4351,Czech Republic,45590.0,False
2025-09,7140,Morocco,0.0,False
2025-09,7230,Tunisia,0.0,False
2025-09,4370,Hungary,847476.0,False
2025-09,4419,Switzerland,0.0,False
2025-09,4550,Poland,43218.0,False
2025-09,4634,Kazakhstan,0.0,False
2025-09,4700,Spain,17095.0,False
2025-09,4710,Portugal,22554.0,False
2025-09,4759,Italy,1235515.0,False
2025-09,4791,Croatia,0.0,False
2025-09,4792,Slovenia,208060.0,False
2025-09,4801,Serbia,0.0,False
2025-09,4840,Greece,0.0,False
2025-09,4850,Romania,16615.0,False
2025-09,4890,Turkey,0.0,False
2025-09,5081,Israel,628324.0,False
2025-09,-,Total For All Countries,95607413.0,True
2025-09,0003,European Union,9578478.0,False
2025-09,1XXX,North America,2616766.0,False
2025-09,4XXX,Europe,9938949.0,False
2025-09,7XXX,Africa,0.0,False
2025-09,0014,Pacific Rim Countries,80508633.0,False
2025-09,5XXX,Asia,82825373.0,False
2025-09,0017,Cafta-Dr,208825.0,False
2025-09,6XXX,Australia And Oceania,17500.0,False
2025-09,0020,Usmca (Nafta),2616766.0,False
2025-09,0021,Twenty Latin American Republics,2579881.0,False
2025-09,0022,Oecd,55172758.0,False
2025-09,0023,Nato,5623736.0,False
2025-09,0024,Lafta,2371056.0,False
2025-09,0025,Euro Area,8587754.0,False
2025-09,0026,Apec,83628154.0,False
2025-09,0027,Asean,15354546.0,False
2025-09,0028,Cacm,208825.0,False
2025-09,1220,Canada,245710.0,False
2025-09,2010,Mexico,2371056.0,False
2025-09,2150,Honduras,0.0,False
2025-09,2230,Costa Rica,208825.0,False
2025-09,2XXX,Central America,208825.0,False
2025-09,3XXX,South America,0.0,False
2025-10,5200,United Arab Emirates,0.0,False
2025-10,5330,India,1100285.0,False
2025-10,5490,Thailand,163516.0,False
2025-10,5520,Vietnam,1132888.0,False
2025-10,5570,Malaysia,4915193.0,False
2025-10,5590,Singapore,5301458.0,False
2025-10,5650,Philippines,2259978.0,False
2025-10,5700,China,13978040.0,False
2025-10,5800,South Korea,21736591.0,False
2025-10,5820,Hong Kong,3304266.0,False
2025-10,5830,Taiwan,18953814.0,False
2025-10,5880,Japan,9759827.0,False
2025-10,6021,Australia,17785.0,False
2025-10,6141,New Zealand,0.0,False
2025-10,3010,Colombia,0.0,False
2025-10,3310,Ecuador,0.0,False
2025-10,3510,Brazil,8950.0,False
2025-10,4010,Sweden,0.0,False
2025-10,4039,Norway,0.0,False
2025-10,4050,Finland,0.0,False
2025-10,4091,Faroe Islands,0.0,False
2025-10,4099,Denmark,0.0,False
2025-10,4120,United Kingdom,316767.0,False
2025-10,4190,Ireland,1079678.0,False
2025-10,4210,Netherlands,450930.0,False
2025-10,4231,Belgium,0.0,False
2025-10,4279,France,163874.0,False
2025-10,4280,Germany,3941148.0,False
2025-10,4330,Austria,18615.0,False
2025-10,4351,Czech Republic,83866.0,False
2025-10,7140,Morocco,0.0,False
2025-10,7230,Tunisia,0.0,False
2025-10,7290,Egypt,126000.0,False
2025-10,4370,Hungary,824520.0,False
2025-10,4419,Switzerland,34079.0,False
2025-10,4550,Poland,0.0,False
2025-10,4634,Kazakhstan,0.0,False
2025-10,4700,Spain,19611.0,False
2025-10,4710,Portugal,45264.0,False
2025-10,4759,Italy,573819.0,False
2025-10,4791,Croatia,0.0,False
2025-10,4792,Slovenia,0.0,False
2025-10,4801,Serbia,0.0,False
2025-10,4840,Greece,0.0,False
2025-10,4850,Romania,30240.0,False
2025-10,4890,Turkey,0.0,False
2025-10,5081,Israel,904350.0,False
2025-10,5170,Saudi Arabia,8656.0,False
2025-10,-,Total For All Countries,92053464.0,True
2025-10,0003,European Union,7231565.0,False
2025-10,1XXX,North America,799456.0,False
2025-10,4XXX,Europe,7582411.0,False
2025-10,7XXX,Africa,126000.0,False
2025-10,0014,Pacific Rim Countries,80226952.0,False
2025-10,5XXX,Asia,83518862.0,False
2025-10,0017,Cafta-Dr,0.0,False
2025-10,6XXX,Australia And Oceania,17785.0,False
2025-10,0020,Usmca (Nafta),799456.0,False
2025-10,0021,Twenty Latin American Republics,808406.0,False
2025-10,0022,Oecd,40770180.0,False
2025-10,0023,Nato,6450039.0,False
2025-10,0024,Lafta,808406.0,False
2025-10,0025,Euro Area,6292939.0,False
2025-10,0026,Apec,82322812.0,False
2025-10,0027,Asean,13773033.0,False
2025-10,0028,Cacm,0.0,False
2025-10,1220,Canada,0.0,False
2025-10,2010,Mexico,799456.0,False
2025-10,2150,Honduras,0.0,False
2025-10,2230,Costa Rica,0.0,False
2025-10,2XXX,Central America,0.0,False
2025-10,3XXX,South America,8950.0,False
2025-11,5200,United Arab Emirates,44050.0,False
2025-11,5330,India,4537696.0,False
2025-11,5490,Thailand,1336044.0,False
2025-11,5520,Vietnam,487090.0,False
2025-11,5570,Malaysia,3006138.0,False
2025-11,5590,Singapore,5254328.0,False
2025-11,5600,Indonesia,37524.0,False
2025-11,5650,Philippines,1553759.0,False
2025-11,5700,China,7460499.0,False
2025-11,5800,South Korea,19640183.0,False
2025-11,5820,Hong Kong,6387165.0,False
2025-11,5830,Taiwan,20021022.0,False
2025-11,5880,Japan,19226300.0,False
2025-11,6021,Australia,14019.0,False
2025-11,6141,New Zealand,0.0,False
2025-11,3010,Colombia,0.0,False
2025-11,3310,Ecuador,0.0,False
2025-11,3510,Brazil,26597.0,False
2025-11,4010,Sweden,26700.0,False
2025-11,4039,Norway,0.0,False
2025-11,4050,Finland,0.0,False
2025-11,4091,Faroe Islands,0.0,False
2025-11,4099,Denmark,131055.0,False
2025-11,4120,United Kingdom,1321939.0,False
2025-11,4190,Ireland,227821.0,False
2025-11,4210,Netherlands,912646.0,False
2025-11,4231,Belgium,13795.0,False
2025-11,4279,France,127626.0,False
2025-11,4280,Germany,3275661.0,False
2025-11,4330,Austria,94532.0,False
2025-11,4351,Czech Republic,0.0,False
2025-11,7140,Morocco,0.0,False
2025-11,7230,Tunisia,0.0,False
2025-11,7290,Egypt,0.0,False
2025-11,4370,Hungary,13995.0,False
2025-11,4419,Switzerland,0.0,False
2025-11,4550,Poland,0.0,False
2025-11,4634,Kazakhstan,0.0,False
2025-11,4700,Spain,24000.0,False
2025-11,4710,Portugal,18339.0,False
2025-11,4759,Italy,1468019.0,False
2025-11,4791,Croatia,0.0,False
2025-11,4792,Slovenia,0.0,False
2025-11,4801,Serbia,0.0,False
2025-11,4840,Greece,8396.0,False
2025-11,4850,Romania,0.0,False
2025-11,4890,Turkey,120000.0,False
2025-11,5081,Israel,317172.0,False
2025-11,5170,Saudi Arabia,0.0,False
2025-11,-,Total For All Countries,97659788.0,True
2025-11,0003,European Union,6342585.0,False
2025-11,1XXX,North America,525678.0,False
2025-11,4XXX,Europe,7784524.0,False
2025-11,7XXX,Africa,0.0,False
2025-11,0014,Pacific Rim Countries,82600937.0,False
2025-11,5XXX,Asia,89308970.0,False
2025-11,0017,Cafta-Dr,0.0,False
2025-11,6XXX,Australia And Oceania,14019.0,False
2025-11,0020,Usmca (Nafta),525678.0,False
2025-11,0021,Twenty Latin American Republics,552275.0,False
2025-11,0022,Oecd,47507876.0,False
2025-11,0023,Nato,7462171.0,False
2025-11,0024,Lafta,552275.0,False
2025-11,0025,Euro Area,6170835.0,False
2025-11,0026,Apec,84949749.0,False
2025-11,0027,Asean,11674883.0,False
2025-11,0028,Cacm,0.0,False
2025-11,1220,Canada,0.0,False
2025-11,2010,Mexico,525678.0,False
2025-11,2150,Honduras,0.0,False
2025-11,2230,Costa Rica,0.0,False
2025-11,2XXX,Central America,0.0,False
2025-11,3XXX,South America,26597.0,False
2025-12,5200,United Arab Emirates,0.0,False
2025-12,5330,India,4117089.0,False
2025-12,5490,Thailand,250177.0,False
2025-12,5520,Vietnam,171808.0,False
2025-12,5570,Malaysia,4236518.0,False
2025-12,5590,Singapore,4880325.0,False
2025-12,5600,Indonesia,114420.0,False
2025-12,5650,Philippines,2097700.0,False
2025-12,5700,China,18361857.0,False
2025-12,5800,South Korea,42532312.0,False
2025-12,5820,Hong Kong,5143674.0,False
2025-12,5830,Taiwan,17562603.0,False
2025-12,5880,Japan,7991656.0,False
2025-12,6021,Australia,18611.0,False
2025-12,6141,New Zealand,0.0,False
2025-12,3010,Colombia,0.0,False
2025-12,3310,Ecuador,0.0,False
2025-12,3510,Brazil,38187.0,False
2025-12,4010,Sweden,0.0,False
2025-12,4039,Norway,0.0,False
2025-12,4050,Finland,2633124.0,False
2025-12,4091,Faroe Islands,0.0,False
2025-12,4099,Denmark,0.0,False
2025-12,4120,United Kingdom,225105.0,False
2025-12,4190,Ireland,109497.0,False
2025-12,4210,Netherlands,304902.0,False
2025-12,4231,Belgium,0.0,False
2025-12,4279,France,1345221.0,False
2025-12,4280,Germany,785887.0,False
2025-12,4330,Austria,58950.0,False
2025-12,4351,Czech Republic,0.0,False
2025-12,7140,Morocco,0.0,False
2025-12,7230,Tunisia,0.0,False
2025-12,7290,Egypt,29440.0,False
2025-12,4370,Hungary,382563.0,False
2025-12,4419,Switzerland,0.0,False
2025-12,4550,Poland,8104.0,False
2025-12,4634,Kazakhstan,0.0,False
2025-12,4700,Spain,8396.0,False
2025-12,4710,Portugal,0.0,False
2025-12,4759,Italy,1247169.0,False
2025-12,4791,Croatia,0.0,False
2025-12,4792,Slovenia,0.0,False
2025-12,4801,Serbia,0.0,False
2025-12,4840,Greece,0.0,False
2025-12,4850,Romania,29310.0,False
2025-12,4890,Turkey,26900.0,False
2025-12,5081,Israel,39442.0,False
2025-12,5170,Saudi Arabia,0.0,False
2025-12,-,Total For All Countries,118441826.0,True
2025-12,0003,European Union,6913123.0,False
2025-12,1XXX,North America,3672268.0,False
2025-12,4XXX,Europe,7165128.0,False
2025-12,7XXX,Africa,29440.0,False
2025-12,0014,Pacific Rim Countries,102939676.0,False
2025-12,5XXX,Asia,107499581.0,False
2025-12,0017,Cafta-Dr,18611.0,False
2025-12,6XXX,Australia And Oceania,18611.0,False
2025-12,0020,Usmca (Nafta),3672268.0,False
2025-12,0021,Twenty Latin American Republics,2868962.0,False
2025-12,0022,Oecd,61390107.0,False
2025-12,0023,Nato,7856785.0,False
2025-12,0024,Lafta,2850351.0,False
2025-12,0025,Euro Area,6493146.0,False
2025-12,0026,Apec,107033929.0,False
2025-12,0027,Asean,11750948.0,False
2025-12,0028,Cacm,18611.0,False
2025-12,1220,Canada,860104.0,False
2025-12,2010,Mexico,2812164.0,False
2025-12,2050,Guatemala,18611.0,False
2025-12,2150,Honduras,0.0,False
2025-12,2230,Costa Rica,0.0,False
2025-12,2XXX,Central America,18611.0,False
2025-12,3XXX,South America,38187.0,False
2026-01,5230,Oman,431300.0,False
2026-01,5330,India,1570571.0,False
2026-01,5350,Pakistan,67500.0,False
2026-01,5490,Thailand,360272.0,False
2026-01,5520,Vietnam,133028.0,False
2026-01,5570,Malaysia,6163587.0,False
2026-01,5590,Singapore,3693470.0,False
2026-01,5650,Philippines,2747954.0,False
2026-01,5700,China,6517548.0,False
2026-01,5800,South Korea,21024818.0,False
2026-01,5820,Hong Kong,2923604.0,False
2026-01,5830,Taiwan,21659878.0,False
2026-01,5880,Japan,2252548.0,False
2026-01,3570,Argentina,26000.0,False
2026-01,4010,Sweden,25449.0,False
2026-01,4120,United Kingdom,314752.0,False
2026-01,4190,Ireland,289470.0,False
2026-01,4210,Netherlands,47705.0,False
2026-01,4231,Belgium,28245.0,False
2026-01,4279,France,1978961.0,False
2026-01,4280,Germany,869253.0,False
2026-01,4370,Hungary,190953.0,False
2026-01,4419,Switzerland,240484.0,False
2026-01,4490,Latvia,41471.0,False
2026-01,4550,Poland,8104.0,False
2026-01,4759,Italy,741654.0,False
2026-01,4840,Greece,20840.0,False
2026-01,4850,Romania,12865.0,False
2026-01,5081,Israel,1505961.0,False
2026-01,-,Total For All Countries,85156088.0,True
2026-01,0003,European Union,4254970.0,False
2026-01,1XXX,North America,9083075.0,False
2026-01,4XXX,Europe,4810206.0,False
2026-01,0014,Pacific Rim Countries,66983407.0,False
2026-01,5XXX,Asia,71052039.0,False
2026-01,0017,Cafta-Dr,184768.0,False
2026-01,0020,Usmca (Nafta),9083075.0,False
2026-01,0021,Twenty Latin American Republics,2921407.0,False
2026-01,0022,Oecd,38663743.0,False
2026-01,0023,Nato,10652688.0,False
2026-01,0024,Lafta,2736639.0,False
2026-01,0025,Euro Area,4017599.0,False
2026-01,0026,Apec,76559782.0,False
2026-01,0027,Asean,13098311.0,False
2026-01,1220,Canada,6372436.0,False
2026-01,2010,Mexico,2710639.0,False
2026-01,2470,Dominican Republic,184768.0,False
2026-01,2XXX,Central America,184768.0,False
2026-01,3XXX,South America,26000.0,False
2026-02,5230,Oman,84864.0,False
2026-02,5330,India,1505665.0,False
2026-02,5350,Pakistan,0.0,False
2026-02,5490,Thailand,288718.0,False
2026-02,5520,Vietnam,540567.0,False
2026-02,5570,Malaysia,5005187.0,False
2026-02,5590,Singapore,5471056.0,False
2026-02,5650,Philippines,1942122.0,False
2026-02,5700,China,5996177.0,False
2026-02,5800,South Korea,32332334.0,False
2026-02,5820,Hong Kong,1221995.0,False
2026-02,5830,Taiwan,13634390.0,False
2026-02,5880,Japan,5863029.0,False
2026-02,6021,Australia,14450.0,False
2026-02,3570,Argentina,12574.0,False
2026-02,4010,Sweden,17700.0,False
2026-02,4120,United Kingdom,304834.0,False
2026-02,4190,Ireland,531163.0,False
2026-02,4210,Netherlands,641043.0,False
2026-02,4231,Belgium,29985.0,False
2026-02,4279,France,358417.0,False
2026-02,4280,Germany,1511589.0,False
2026-02,4330,Austria,206830.0,False
2026-02,4351,Czech Republic,75777.0,False
2026-02,4370,Hungary,0.0,False
2026-02,4419,Switzerland,0.0,False
2026-02,4490,Latvia,0.0,False
2026-02,4550,Poland,32538.0,False
2026-02,4700,Spain,111678.0,False
2026-02,4710,Portugal,23595.0,False
2026-02,4759,Italy,617046.0,False
2026-02,4840,Greece,0.0,False
2026-02,4850,Romania,0.0,False
2026-02,4890,Turkey,34475.0,False
2026-02,5081,Israel,1011723.0,False
2026-02,-,Total For All Countries,80911304.0,True
2026-02,0003,European Union,4157361.0,False
2026-02,1XXX,North America,1481455.0,False
2026-02,4XXX,Europe,4496670.0,False
2026-02,0014,Pacific Rim Countries,71480740.0,False
2026-02,5XXX,Asia,74897827.0,False
2026-02,0017,Cafta-Dr,8328.0,False
2026-02,6XXX,Australia And Oceania,14450.0,False
2026-02,0020,Usmca (Nafta),1481455.0,False
2026-02,0021,Twenty Latin American Republics,1502357.0,False
2026-02,0022,Oecd,45207989.0,False
2026-02,0023,Nato,3758677.0,False
2026-02,0024,Lafta,1494029.0,False
2026-02,0025,Euro Area,4031346.0,False
2026-02,0026,Apec,73791480.0,False
2026-02,0027,Asean,13247650.0,False
2026-02,0028,Cacm,8328.0,False
2026-02,1220,Canada,0.0,False
2026-02,2010,Mexico,1481455.0,False
2026-02,2230,Costa Rica,8328.0,False
2026-02,2470,Dominican Republic,0.0,False
2026-02,2XXX,Central America,8328.0,False
2026-02,3XXX,South America,12574.0,False
2026-03,5230,Oman,0.0,False
2026-03,5330,India,1300008.0,False
2026-03,5350,Pakistan,0.0,False
2026-03,5490,Thailand,408828.0,False
2026-03,5520,Vietnam,721345.0,False
2026-03,5570,Malaysia,6517291.0,False
2026-03,5590,Singapore,1707656.0,False
2026-03,5650,Philippines,2012976.0,False
2026-03,5700,China,25306613.0,False
2026-03,5800,South Korea,54766344.0,False
2026-03,5820,Hong Kong,189572.0,False
2026-03,5830,Taiwan,22633051.0,False
2026-03,5880,Japan,2638221.0,False
2026-03,6021,Australia,0.0,False
2026-03,3510,Brazil,113143.0,False
2026-03,3570,Argentina,0.0,False
2026-03,4010,Sweden,0.0,False
2026-03,4039,Norway,22400.0,False
2026-03,4120,United Kingdom,6092067.0,False
2026-03,4190,Ireland,167968.0,False
2026-03,4210,Netherlands,258067.0,False
2026-03,4231,Belgium,0.0,False
2026-03,4279,France,130775.0,False
2026-03,4280,Germany,3123077.0,False
2026-03,4330,Austria,53342.0,False
2026-03,4351,Czech Republic,29527.0,False
2026-03,4370,Hungary,181860.0,False
2026-03,4419,Switzerland,72314.0,False
2026-03,4490,Latvia,0.0,False
2026-03,4550,Poland,9183.0,False
2026-03,4700,Spain,29683.0,False
2026-03,4710,Portugal,9069.0,False
2026-03,4759,Italy,1254665.0,False
2026-03,4840,Greece,0.0,False
2026-03,4850,Romania,112713.0,False
2026-03,4890,Turkey,38546.0,False
2026-03,5081,Israel,80240.0,False
2026-03,5170,Saudi Arabia,28441.0,False
2026-03,-,Total For All Countries,131175144.0,True
2026-03,0003,European Union,5359929.0,False
2026-03,1XXX,North America,1156556.0,False
2026-03,4XXX,Europe,11585256.0,False
2026-03,0014,Pacific Rim Countries,115771724.0,False
2026-03,5XXX,Asia,118310586.0,False
2026-03,0017,Cafta-Dr,9603.0,False
2026-03,6XXX,Australia And Oceania,0.0,False
2026-03,0020,Usmca (Nafta),1156556.0,False
2026-03,0021,Twenty Latin American Republics,1065728.0,False
2026-03,0022,Oecd,70123507.0,False
2026-03,0023,Nato,11505206.0,False
2026-03,0024,Lafta,1056125.0,False
2026-03,0025,Euro Area,5026646.0,False
2026-03,0026,Apec,118058453.0,False
2026-03,0027,Asean,11368096.0,False
2026-03,0028,Cacm,9603.0,False
2026-03,1220,Canada,213574.0,False
2026-03,2010,Mexico,942982.0,False
2026-03,2230,Costa Rica,9603.0,False
2026-03,2470,Dominican Republic,0.0,False
2026-03,2XXX,Central America,9603.0,False
2026-03,3XXX,South America,113143.0,False
2026-04,5200,United Arab Emirates,10700.0,False
2026-04,5230,Oman,0.0,False
2026-04,5330,India,1723978.0,False
2026-04,5350,Pakistan,0.0,False
2026-04,5490,Thailand,916277.0,False
2026-04,5520,Vietnam,1139376.0,False
2026-04,5570,Malaysia,6700602.0,False
2026-04,5590,Singapore,1803353.0,False
2026-04,5600,Indonesia,24273.0,False
2026-04,5650,Philippines,2391189.0,False
2026-04,5700,China,12084994.0,False
2026-04,5800,South Korea,30628023.0,False
2026-04,5820,Hong Kong,467399.0,False
2026-04,5830,Taiwan,11286908.0,False
2026-04,5880,Japan,1760233.0,False
2026-04,6021,Australia,0.0,False
2026-04,3510,Brazil,0.0,False
2026-04,3570,Argentina,0.0,False
2026-04,4010,Sweden,74990.0,False
2026-04,4039,Norway,0.0,False
2026-04,4099,Denmark,10685.0,False
2026-04,4120,United Kingdom,143377.0,False
2026-04,4190,Ireland,279392.0,False
2026-04,4210,Netherlands,389633.0,False
2026-04,4231,Belgium,0.0,False
2026-04,4279,France,243189.0,False
2026-04,4280,Germany,2909480.0,False
2026-04,4330,Austria,114990.0,False
2026-04,4351,Czech Republic,115760.0,False
2026-04,4370,Hungary,404566.0,False
2026-04,4419,Switzerland,0.0,False
2026-04,4490,Latvia,0.0,False
2026-04,4550,Poland,0.0,False
2026-04,4700,Spain,11895.0,False
2026-04,4710,Portugal,156455.0,False
2026-04,4759,Italy,1565994.0,False
2026-04,4840,Greece,0.0,False
2026-04,4850,Romania,22075.0,False
2026-04,4890,Turkey,13169.0,False
2026-04,5081,Israel,4575984.0,False
2026-04,5170,Saudi Arabia,0.0,False
2026-04,-,Total For All Countries,85552460.0,True
2026-04,0003,European Union,6299104.0,False
2026-04,1XXX,North America,3510079.0,False
2026-04,4XXX,Europe,6455650.0,False
2026-04,0014,Pacific Rim Countries,67146974.0,False
2026-04,5XXX,Asia,75513289.0,False
2026-04,0017,Cafta-Dr,73442.0,False
2026-04,6XXX,Australia And Oceania,0.0,False
2026-04,0020,Usmca (Nafta),3510079.0,False
2026-04,0021,Twenty Latin American Republics,2522233.0,False
2026-04,0022,Oecd,46981336.0,False
2026-04,0023,Nato,7122556.0,False
2026-04,0024,Lafta,2448791.0,False
2026-04,0025,Euro Area,5671028.0,False
2026-04,0026,Apec,72712706.0,False
2026-04,0027,Asean,12975070.0,False
2026-04,0028,Cacm,73442.0,False
2026-04,1220,Canada,1061288.0,False
2026-04,2010,Mexico,2448791.0,False
2026-04,2230,Costa Rica,73442.0,False
2026-04,2470,Dominican Republic,0.0,False
2026-04,2XXX,Central America,73442.0,False
2026-04,3XXX,South America,0.0,False
2026-05,5200,United Arab Emirates,0.0,False
2026-05,5230,Oman,0.0,False
2026-05,5330,India,3843518.0,False
2026-05,5350,Pakistan,0.0,False
2026-05,5490,Thailand,732296.0,False
2026-05,5520,Vietnam,596600.0,False
2026-05,5570,Malaysia,8384019.0,False
2026-05,5590,Singapore,2052925.0,False
2026-05,5600,Indonesia,0.0,False
2026-05,5650,Philippines,5568465.0,False
2026-05,5700,China,15390284.0,False
2026-05,5800,South Korea,22640941.0,False
2026-05,5820,Hong Kong,209715.0,False
2026-05,5830,Taiwan,25349301.0,False
2026-05,5880,Japan,1581722.0,False
2026-05,6021,Australia,0.0,False
2026-05,3510,Brazil,0.0,False
2026-05,3570,Argentina,0.0,False
2026-05,4010,Sweden,37574.0,False
2026-05,4039,Norway,0.0,False
2026-05,4099,Denmark,0.0,False
2026-05,4120,United Kingdom,194789.0,False
2026-05,4190,Ireland,205720.0,False
2026-05,4210,Netherlands,0.0,False
2026-05,4231,Belgium,46485.0,False
2026-05,4279,France,108684.0,False
2026-05,4280,Germany,2684198.0,False
2026-05,4330,Austria,0.0,False
2026-05,4351,Czech Republic,84074.0,False
2026-05,7290,Egypt,8456.0,False
2026-05,4370,Hungary,0.0,False
2026-05,4419,Switzerland,321564.0,False
2026-05,4490,Latvia,0.0,False
2026-05,4550,Poland,0.0,False
2026-05,4700,Spain,26793.0,False
2026-05,4710,Portugal,41035.0,False
2026-05,4759,Italy,863608.0,False
2026-05,4840,Greece,0.0,False
2026-05,4850,Romania,0.0,False
2026-05,4890,Turkey,0.0,False
2026-05,5081,Israel,206169.0,False
2026-05,5170,Saudi Arabia,34486.0,False
2026-05,-,Total For All Countries,93090631.0,True
2026-05,0003,European Union,4098171.0,False
2026-05,1XXX,North America,1877210.0,False
2026-05,4XXX,Europe,4614524.0,False
2026-05,7XXX,Africa,8456.0,False
2026-05,0014,Pacific Rim Countries,81177372.0,False
2026-05,5XXX,Asia,86590441.0,False
2026-05,0017,Cafta-Dr,0.0,False
2026-05,6XXX,Australia And Oceania,0.0,False
2026-05,0020,Usmca (Nafta),1877210.0,False
2026-05,0021,Twenty Latin American Republics,1606996.0,False
2026-05,0022,Oecd,30920566.0,False
2026-05,0023,Nato,4357454.0,False
2026-05,0024,Lafta,1606996.0,False
2026-05,0025,Euro Area,3976523.0,False
2026-05,0026,Apec,84383478.0,False
2026-05,0027,Asean,17334305.0,False
2026-05,0028,Cacm,0.0,False
2026-05,1220,Canada,270214.0,False
2026-05,2010,Mexico,1606996.0,False
2026-05,2230,Costa Rica,0.0,False
2026-05,2470,Dominican Republic,0.0,False
2026-05,2XXX,Central America,0.0,False
2026-05,3XXX,South America,0.0,False
2026-06,5200,United Arab Emirates,0.0,False
2026-06,5230,Oman,0.0,False
2026-06,5330,India,1103595.0,False
2026-06,5350,Pakistan,0.0,False
2026-06,5490,Thailand,881378.0,False
2026-06,5520,Vietnam,809620.0,False
2026-06,5570,Malaysia,10664449.0,False
2026-06,5590,Singapore,2723402.0,False
2026-06,5600,Indonesia,0.0,False
2026-06,5650,Philippines,2119088.0,False
2026-06,5700,China,12655839.0,False
2026-06,5800,South Korea,30787504.0,False
2026-06,5820,Hong Kong,182249.0,False
2026-06,5830,Taiwan,31255207.0,False
2026-06,5880,Japan,2697671.0,False
2026-06,6021,Australia,8750.0,False
2026-06,3510,Brazil,0.0,False
2026-06,3570,Argentina,0.0,False
2026-06,4010,Sweden,136294.0,False
2026-06,4039,Norway,0.0,False
2026-06,4099,Denmark,0.0,False
2026-06,4120,United Kingdom,1185364.0,False
2026-06,4190,Ireland,123521.0,False
2026-06,4210,Netherlands,94097.0,False
2026-06,4231,Belgium,0.0,False
2026-06,4279,France,668472.0,False
2026-06,4280,Germany,2216576.0,False
2026-06,4330,Austria,31890.0,False
2026-06,4351,Czech Republic,0.0,False
2026-06,7290,Egypt,0.0,False
2026-06,4370,Hungary,0.0,False
2026-06,4419,Switzerland,0.0,False
2026-06,4470,Estonia,8920.0,False
2026-06,4490,Latvia,0.0,False
2026-06,4550,Poland,36500.0,False
2026-06,4700,Spain,8546.0,False
2026-06,4710,Portugal,0.0,False
2026-06,4759,Italy,2042746.0,False
2026-06,4840,Greece,0.0,False
2026-06,4850,Romania,0.0,False
2026-06,4890,Turkey,185995.0,False
2026-06,5081,Israel,8119135.0,False
2026-06,5170,Saudi Arabia,0.0,False
2026-06,-,Total For All Countries,115551635.0,True
2026-06,0003,European Union,5367562.0,False
2026-06,1XXX,North America,4804827.0,False
2026-06,4XXX,Europe,6738921.0,False
2026-06,7XXX,Africa,0.0,False
2026-06,0014,Pacific Rim Countries,93094159.0,False
2026-06,5XXX,Asia,103999137.0,False
2026-06,0017,Cafta-Dr,0.0,False
2026-06,6XXX,Australia And Oceania,8750.0,False
2026-06,0020,Usmca (Nafta),4804827.0,False
2026-06,0021,Twenty Latin American Republics,2847202.0,False
2026-06,0022,Oecd,53156808.0,False
2026-06,0023,Nato,8541135.0,False
2026-06,0024,Lafta,2847202.0,False
2026-06,0025,Euro Area,5194768.0,False
2026-06,0026,Apec,99589984.0,False
2026-06,0027,Asean,17197937.0,False
2026-06,0028,Cacm,0.0,False
2026-06,1220,Canada,1957625.0,False
2026-06,2010,Mexico,2847202.0,False
2026-06,2230,Costa Rica,0.0,False
2026-06,2470,Dominican Republic,0.0,False
2026-06,2XXX,Central America,0.0,False
2026-06,3XXX,South America,0.0,False
